/* ICV_Nettran: RHEL64 N-2017.12-SP1-2.4087669 2018/03/09 */
/* Created:  3/11/2019  16:32   */

                                  ICV_Nettran 

         Version N-2017.12-SP1-2 for linux64 - Mar 09, 2018 cl#4087669

                    Copyright (c) 1996 - 2018 Synopsys, Inc.
   This software and the associated documentation are proprietary to Synopsys,
 Inc. This software may only be used in accordance with the terms and conditions
 of a written license agreement with Synopsys, Inc. All other use, reproduction,
            or distribution of this software is strictly prohibited.

Options: -verilog Tec_Riscv_pads_phy.v -outType SPICE -outName Tec_Riscv_pads_phy.sp 

Reading "Tec_Riscv_pads_phy.v" netlist ...
Loading cell "pad_ring" ...
Loading cell "DH_top_riscv_soc_PD_CORE" ...
Loading cell "dff_async_rst_1332" ...
Loading cell "dff_async_rst_1333" ...
Loading cell "dff_async_rst_1334" ...
Loading cell "dff_async_rst_1335" ...
Loading cell "dff_async_rst_1336" ...
Loading cell "dff_async_rst_1337" ...
Loading cell "dff_async_rst_1338" ...
Loading cell "dff_async_rst_1339" ...
Loading cell "dff_async_rst_1340" ...
Loading cell "dff_async_rst_1341" ...
Loading cell "dff_async_rst_1342" ...
Loading cell "dff_async_rst_1343" ...
Loading cell "dff_async_rst_1344" ...
Loading cell "dff_async_rst_1345" ...
Loading cell "dff_async_rst_1346" ...
Loading cell "dff_async_rst_1347" ...
Loading cell "dff_async_rst_1348" ...
Loading cell "dff_async_rst_1349" ...
Loading cell "dff_async_rst_1350" ...
Loading cell "dff_async_rst_1351" ...
Loading cell "dff_async_rst_1352" ...
Loading cell "dff_async_rst_1353" ...
Loading cell "dff_async_rst_1354" ...
Loading cell "dff_async_rst_1355" ...
Loading cell "dff_async_rst_1356" ...
Loading cell "dff_async_rst_1357" ...
Loading cell "dff_async_rst_1358" ...
Loading cell "dff_async_rst_1359" ...
Loading cell "dff_async_rst_1360" ...
Loading cell "dff_async_rst_1361" ...
Loading cell "dff_async_rst_1362" ...
Loading cell "dff_async_rst_1363" ...
Loading cell "Timer" ...
Loading cell "dff_async_rst_22" ...
Loading cell "dff_async_rst_23" ...
Loading cell "dff_async_rst_24" ...
Loading cell "dff_async_rst_25" ...
Loading cell "dff_async_rst_26" ...
Loading cell "dff_async_rst_27" ...
Loading cell "dff_async_rst_28" ...
Loading cell "dff_async_rst_29" ...
Loading cell "dff_async_rst_30" ...
Loading cell "dff_async_rst_31" ...
Loading cell "dff_async_rst_32" ...
Loading cell "dff_async_rst_33" ...
Loading cell "dff_async_rst_34" ...
Loading cell "dff_async_rst_35" ...
Loading cell "dff_async_rst_36" ...
Loading cell "dff_async_rst_37" ...
Loading cell "dff_async_rst_38" ...
Loading cell "dff_async_rst_39" ...
Loading cell "dff_async_rst_40" ...
Loading cell "dff_async_rst_41" ...
Loading cell "dff_async_rst_42" ...
Loading cell "dff_async_rst_43" ...
Loading cell "dff_async_rst_44" ...
Loading cell "dff_async_rst_45" ...
Loading cell "dff_async_rst_46" ...
Loading cell "dff_async_rst_47" ...
Loading cell "dff_async_rst_48" ...
Loading cell "dff_async_rst_49" ...
Loading cell "dff_async_rst_50" ...
Loading cell "dff_async_rst_51" ...
Loading cell "dff_async_rst_52" ...
Loading cell "dff_async_rst_53" ...
Loading cell "dff_async_rst_54" ...
Loading cell "dff_async_rst_55" ...
Loading cell "dff_async_rst_56" ...
Loading cell "dff_async_rst_57" ...
Loading cell "dff_async_rst_58" ...
Loading cell "dff_async_rst_59" ...
Loading cell "dff_async_rst_60" ...
Loading cell "dff_async_rst_61" ...
Loading cell "dff_async_rst_62" ...
Loading cell "dff_async_rst_63" ...
Loading cell "dff_async_rst_64" ...
Loading cell "dff_async_rst_65" ...
Loading cell "dff_async_rst_66" ...
Loading cell "dff_async_rst_67" ...
Loading cell "dff_async_rst_68" ...
Loading cell "dff_async_rst_69" ...
Loading cell "dff_async_rst_70" ...
Loading cell "dff_async_rst_71" ...
Loading cell "dff_async_rst_72" ...
Loading cell "dff_async_rst_73" ...
Loading cell "dff_async_rst_74" ...
Loading cell "dff_async_rst_75" ...
Loading cell "dff_async_rst_76" ...
Loading cell "dff_async_rst_77" ...
Loading cell "dff_async_rst_78" ...
Loading cell "dff_async_rst_79" ...
Loading cell "dff_async_rst_80" ...
Loading cell "dff_async_rst_81" ...
Loading cell "dff_async_rst_82" ...
Loading cell "dff_async_rst_83" ...
Loading cell "dff_async_rst_84" ...
Loading cell "dff_async_rst_85" ...
Loading cell "prll_d_reg_bits65_0" ...
Loading cell "dff_async_rst_87" ...
Loading cell "dff_async_rst_88" ...
Loading cell "dff_async_rst_89" ...
Loading cell "dff_async_rst_90" ...
Loading cell "dff_async_rst_91" ...
Loading cell "dff_async_rst_92" ...
Loading cell "dff_async_rst_93" ...
Loading cell "dff_async_rst_94" ...
Loading cell "dff_async_rst_95" ...
Loading cell "dff_async_rst_96" ...
Loading cell "dff_async_rst_97" ...
Loading cell "dff_async_rst_98" ...
Loading cell "dff_async_rst_99" ...
Loading cell "dff_async_rst_100" ...
Loading cell "dff_async_rst_101" ...
Loading cell "dff_async_rst_102" ...
Loading cell "dff_async_rst_103" ...
Loading cell "dff_async_rst_104" ...
Loading cell "dff_async_rst_105" ...
Loading cell "dff_async_rst_106" ...
Loading cell "dff_async_rst_107" ...
Loading cell "dff_async_rst_108" ...
Loading cell "dff_async_rst_109" ...
Loading cell "dff_async_rst_110" ...
Loading cell "dff_async_rst_111" ...
Loading cell "dff_async_rst_112" ...
Loading cell "dff_async_rst_113" ...
Loading cell "dff_async_rst_114" ...
Loading cell "dff_async_rst_115" ...
Loading cell "dff_async_rst_116" ...
Loading cell "dff_async_rst_117" ...
Loading cell "dff_async_rst_118" ...
Loading cell "dff_async_rst_119" ...
Loading cell "dff_async_rst_120" ...
Loading cell "dff_async_rst_121" ...
Loading cell "dff_async_rst_122" ...
Loading cell "dff_async_rst_123" ...
Loading cell "dff_async_rst_124" ...
Loading cell "dff_async_rst_125" ...
Loading cell "dff_async_rst_126" ...
Loading cell "dff_async_rst_127" ...
Loading cell "dff_async_rst_128" ...
Loading cell "dff_async_rst_129" ...
Loading cell "dff_async_rst_130" ...
Loading cell "dff_async_rst_131" ...
Loading cell "dff_async_rst_132" ...
Loading cell "dff_async_rst_133" ...
Loading cell "dff_async_rst_134" ...
Loading cell "dff_async_rst_135" ...
Loading cell "dff_async_rst_136" ...
Loading cell "dff_async_rst_137" ...
Loading cell "dff_async_rst_138" ...
Loading cell "dff_async_rst_139" ...
Loading cell "dff_async_rst_140" ...
Loading cell "dff_async_rst_141" ...
Loading cell "dff_async_rst_142" ...
Loading cell "dff_async_rst_143" ...
Loading cell "dff_async_rst_144" ...
Loading cell "dff_async_rst_145" ...
Loading cell "dff_async_rst_146" ...
Loading cell "dff_async_rst_147" ...
Loading cell "dff_async_rst_148" ...
Loading cell "dff_async_rst_149" ...
Loading cell "dff_async_rst_150" ...
Loading cell "prll_d_reg_bits65_1" ...
Loading cell "fifo_flops_no_full_depth2_bits65_0" ...
Loading cell "dff_async_rst_152" ...
Loading cell "dff_async_rst_153" ...
Loading cell "dff_async_rst_154" ...
Loading cell "dff_async_rst_155" ...
Loading cell "dff_async_rst_156" ...
Loading cell "dff_async_rst_157" ...
Loading cell "dff_async_rst_158" ...
Loading cell "dff_async_rst_159" ...
Loading cell "dff_async_rst_160" ...
Loading cell "dff_async_rst_161" ...
Loading cell "dff_async_rst_162" ...
Loading cell "dff_async_rst_163" ...
Loading cell "dff_async_rst_164" ...
Loading cell "dff_async_rst_165" ...
Loading cell "dff_async_rst_166" ...
Loading cell "dff_async_rst_167" ...
Loading cell "dff_async_rst_168" ...
Loading cell "dff_async_rst_169" ...
Loading cell "dff_async_rst_170" ...
Loading cell "dff_async_rst_171" ...
Loading cell "dff_async_rst_172" ...
Loading cell "dff_async_rst_173" ...
Loading cell "dff_async_rst_174" ...
Loading cell "dff_async_rst_175" ...
Loading cell "dff_async_rst_176" ...
Loading cell "dff_async_rst_177" ...
Loading cell "dff_async_rst_178" ...
Loading cell "dff_async_rst_179" ...
Loading cell "dff_async_rst_180" ...
Loading cell "dff_async_rst_181" ...
Loading cell "dff_async_rst_182" ...
Loading cell "dff_async_rst_183" ...
Loading cell "dff_async_rst_184" ...
Loading cell "dff_async_rst_185" ...
Loading cell "dff_async_rst_186" ...
Loading cell "dff_async_rst_187" ...
Loading cell "dff_async_rst_188" ...
Loading cell "dff_async_rst_189" ...
Loading cell "dff_async_rst_190" ...
Loading cell "dff_async_rst_191" ...
Loading cell "dff_async_rst_192" ...
Loading cell "dff_async_rst_193" ...
Loading cell "dff_async_rst_194" ...
Loading cell "dff_async_rst_195" ...
Loading cell "dff_async_rst_196" ...
Loading cell "dff_async_rst_197" ...
Loading cell "dff_async_rst_198" ...
Loading cell "dff_async_rst_199" ...
Loading cell "dff_async_rst_200" ...
Loading cell "dff_async_rst_201" ...
Loading cell "dff_async_rst_202" ...
Loading cell "dff_async_rst_203" ...
Loading cell "dff_async_rst_204" ...
Loading cell "dff_async_rst_205" ...
Loading cell "dff_async_rst_206" ...
Loading cell "dff_async_rst_207" ...
Loading cell "dff_async_rst_208" ...
Loading cell "dff_async_rst_209" ...
Loading cell "dff_async_rst_210" ...
Loading cell "dff_async_rst_211" ...
Loading cell "dff_async_rst_212" ...
Loading cell "dff_async_rst_213" ...
Loading cell "dff_async_rst_214" ...
Loading cell "dff_async_rst_215" ...
Loading cell "prll_d_reg_bits65_2" ...
Loading cell "dff_async_rst_217" ...
Loading cell "dff_async_rst_218" ...
Loading cell "dff_async_rst_219" ...
Loading cell "dff_async_rst_220" ...
Loading cell "dff_async_rst_221" ...
Loading cell "dff_async_rst_222" ...
Loading cell "dff_async_rst_223" ...
Loading cell "dff_async_rst_224" ...
Loading cell "dff_async_rst_225" ...
Loading cell "dff_async_rst_226" ...
Loading cell "dff_async_rst_227" ...
Loading cell "dff_async_rst_228" ...
Loading cell "dff_async_rst_229" ...
Loading cell "dff_async_rst_230" ...
Loading cell "dff_async_rst_231" ...
Loading cell "dff_async_rst_232" ...
Loading cell "dff_async_rst_233" ...
Loading cell "dff_async_rst_234" ...
Loading cell "dff_async_rst_235" ...
Loading cell "dff_async_rst_236" ...
Loading cell "dff_async_rst_237" ...
Loading cell "dff_async_rst_238" ...
Loading cell "dff_async_rst_239" ...
Loading cell "dff_async_rst_240" ...
Loading cell "dff_async_rst_241" ...
Loading cell "dff_async_rst_242" ...
Loading cell "dff_async_rst_243" ...
Loading cell "dff_async_rst_244" ...
Loading cell "dff_async_rst_245" ...
Loading cell "dff_async_rst_246" ...
Loading cell "dff_async_rst_247" ...
Loading cell "dff_async_rst_248" ...
Loading cell "dff_async_rst_249" ...
Loading cell "dff_async_rst_250" ...
Loading cell "dff_async_rst_251" ...
Loading cell "dff_async_rst_252" ...
Loading cell "dff_async_rst_253" ...
Loading cell "dff_async_rst_254" ...
Loading cell "dff_async_rst_255" ...
Loading cell "dff_async_rst_256" ...
Loading cell "dff_async_rst_257" ...
Loading cell "dff_async_rst_258" ...
Loading cell "dff_async_rst_259" ...
Loading cell "dff_async_rst_260" ...
Loading cell "dff_async_rst_261" ...
Loading cell "dff_async_rst_262" ...
Loading cell "dff_async_rst_263" ...
Loading cell "dff_async_rst_264" ...
Loading cell "dff_async_rst_265" ...
Loading cell "dff_async_rst_266" ...
Loading cell "dff_async_rst_267" ...
Loading cell "dff_async_rst_268" ...
Loading cell "dff_async_rst_269" ...
Loading cell "dff_async_rst_270" ...
Loading cell "dff_async_rst_271" ...
Loading cell "dff_async_rst_272" ...
Loading cell "dff_async_rst_273" ...
Loading cell "dff_async_rst_274" ...
Loading cell "dff_async_rst_275" ...
Loading cell "dff_async_rst_276" ...
Loading cell "dff_async_rst_277" ...
Loading cell "dff_async_rst_278" ...
Loading cell "dff_async_rst_279" ...
Loading cell "dff_async_rst_280" ...
Loading cell "prll_d_reg_bits65_3" ...
Loading cell "fifo_flops_no_full_depth2_bits65_1" ...
Loading cell "dff_async_rst_285" ...
Loading cell "dff_async_rst_286" ...
Loading cell "dff_async_rst_287" ...
Loading cell "dff_async_rst_288" ...
Loading cell "dff_async_rst_289" ...
Loading cell "dff_async_rst_290" ...
Loading cell "dff_async_rst_291" ...
Loading cell "dff_async_rst_292" ...
Loading cell "dff_async_rst_293" ...
Loading cell "dff_async_rst_294" ...
Loading cell "dff_async_rst_295" ...
Loading cell "dff_async_rst_296" ...
Loading cell "dff_async_rst_297" ...
Loading cell "dff_async_rst_298" ...
Loading cell "dff_async_rst_299" ...
Loading cell "dff_async_rst_300" ...
Loading cell "dff_async_rst_301" ...
Loading cell "dff_async_rst_302" ...
Loading cell "dff_async_rst_303" ...
Loading cell "dff_async_rst_304" ...
Loading cell "dff_async_rst_305" ...
Loading cell "dff_async_rst_306" ...
Loading cell "dff_async_rst_307" ...
Loading cell "dff_async_rst_308" ...
Loading cell "dff_async_rst_309" ...
Loading cell "dff_async_rst_310" ...
Loading cell "dff_async_rst_311" ...
Loading cell "dff_async_rst_312" ...
Loading cell "dff_async_rst_313" ...
Loading cell "dff_async_rst_314" ...
Loading cell "dff_async_rst_315" ...
Loading cell "dff_async_rst_316" ...
Loading cell "dff_async_rst_317" ...
Loading cell "dff_async_rst_318" ...
Loading cell "dff_async_rst_319" ...
Loading cell "dff_async_rst_320" ...
Loading cell "dff_async_rst_321" ...
Loading cell "dff_async_rst_322" ...
Loading cell "dff_async_rst_323" ...
Loading cell "dff_async_rst_324" ...
Loading cell "dff_async_rst_325" ...
Loading cell "dff_async_rst_326" ...
Loading cell "dff_async_rst_327" ...
Loading cell "dff_async_rst_328" ...
Loading cell "dff_async_rst_329" ...
Loading cell "dff_async_rst_330" ...
Loading cell "dff_async_rst_331" ...
Loading cell "dff_async_rst_332" ...
Loading cell "dff_async_rst_333" ...
Loading cell "dff_async_rst_334" ...
Loading cell "dff_async_rst_335" ...
Loading cell "dff_async_rst_336" ...
Loading cell "dff_async_rst_337" ...
Loading cell "dff_async_rst_338" ...
Loading cell "dff_async_rst_339" ...
Loading cell "dff_async_rst_340" ...
Loading cell "dff_async_rst_341" ...
Loading cell "dff_async_rst_342" ...
Loading cell "dff_async_rst_343" ...
Loading cell "dff_async_rst_344" ...
Loading cell "dff_async_rst_345" ...
Loading cell "prll_d_reg_bits65_4" ...
Loading cell "dff_async_rst_350" ...
Loading cell "dff_async_rst_351" ...
Loading cell "dff_async_rst_352" ...
Loading cell "dff_async_rst_353" ...
Loading cell "dff_async_rst_354" ...
Loading cell "dff_async_rst_355" ...
Loading cell "dff_async_rst_356" ...
Loading cell "dff_async_rst_357" ...
Loading cell "dff_async_rst_358" ...
Loading cell "dff_async_rst_359" ...
Loading cell "dff_async_rst_360" ...
Loading cell "dff_async_rst_361" ...
Loading cell "dff_async_rst_362" ...
Loading cell "dff_async_rst_363" ...
Loading cell "dff_async_rst_364" ...
Loading cell "dff_async_rst_365" ...
Loading cell "dff_async_rst_366" ...
Loading cell "dff_async_rst_367" ...
Loading cell "dff_async_rst_368" ...
Loading cell "dff_async_rst_369" ...
Loading cell "dff_async_rst_370" ...
Loading cell "dff_async_rst_371" ...
Loading cell "dff_async_rst_372" ...
Loading cell "dff_async_rst_373" ...
Loading cell "dff_async_rst_374" ...
Loading cell "dff_async_rst_375" ...
Loading cell "dff_async_rst_376" ...
Loading cell "dff_async_rst_377" ...
Loading cell "dff_async_rst_378" ...
Loading cell "dff_async_rst_379" ...
Loading cell "dff_async_rst_380" ...
Loading cell "dff_async_rst_381" ...
Loading cell "dff_async_rst_382" ...
Loading cell "dff_async_rst_383" ...
Loading cell "dff_async_rst_384" ...
Loading cell "dff_async_rst_385" ...
Loading cell "dff_async_rst_386" ...
Loading cell "dff_async_rst_387" ...
Loading cell "dff_async_rst_388" ...
Loading cell "dff_async_rst_389" ...
Loading cell "dff_async_rst_390" ...
Loading cell "dff_async_rst_391" ...
Loading cell "dff_async_rst_392" ...
Loading cell "dff_async_rst_393" ...
Loading cell "dff_async_rst_394" ...
Loading cell "dff_async_rst_395" ...
Loading cell "dff_async_rst_396" ...
Loading cell "dff_async_rst_397" ...
Loading cell "dff_async_rst_398" ...
Loading cell "dff_async_rst_399" ...
Loading cell "dff_async_rst_400" ...
Loading cell "dff_async_rst_401" ...
Loading cell "dff_async_rst_402" ...
Loading cell "dff_async_rst_403" ...
Loading cell "dff_async_rst_404" ...
Loading cell "dff_async_rst_405" ...
Loading cell "dff_async_rst_406" ...
Loading cell "dff_async_rst_407" ...
Loading cell "dff_async_rst_408" ...
Loading cell "dff_async_rst_409" ...
Loading cell "dff_async_rst_410" ...
Loading cell "prll_d_reg_bits65_5" ...
Loading cell "fifo_flops_no_full_depth2_bits65_2" ...
Loading cell "dff_async_rst_411" ...
Loading cell "dff_async_rst_412" ...
Loading cell "dff_async_rst_413" ...
Loading cell "dff_async_rst_416" ...
Loading cell "dff_async_rst_417" ...
Loading cell "dff_async_rst_418" ...
Loading cell "dff_async_rst_421" ...
Loading cell "dff_async_rst_422" ...
Loading cell "dff_async_rst_423" ...
Loading cell "dff_async_rst_424" ...
Loading cell "dff_async_rst_425" ...
Loading cell "dff_async_rst_426" ...
Loading cell "dff_async_rst_427" ...
Loading cell "dff_async_rst_428" ...
Loading cell "dff_async_rst_429" ...
Loading cell "dff_async_rst_430" ...
Loading cell "dff_async_rst_431" ...
Loading cell "dff_async_rst_432" ...
Loading cell "dff_async_rst_433" ...
Loading cell "dff_async_rst_434" ...
Loading cell "dff_async_rst_435" ...
Loading cell "dff_async_rst_436" ...
Loading cell "dff_async_rst_437" ...
Loading cell "dff_async_rst_438" ...
Loading cell "dff_async_rst_439" ...
Loading cell "dff_async_rst_440" ...
Loading cell "dff_async_rst_441" ...
Loading cell "dff_async_rst_442" ...
Loading cell "dff_async_rst_443" ...
Loading cell "dff_async_rst_444" ...
Loading cell "dff_async_rst_445" ...
Loading cell "dff_async_rst_446" ...
Loading cell "dff_async_rst_447" ...
Loading cell "dff_async_rst_448" ...
Loading cell "dff_async_rst_449" ...
Loading cell "dff_async_rst_450" ...
Loading cell "dff_async_rst_451" ...
Loading cell "dff_async_rst_452" ...
Loading cell "dff_async_rst_453" ...
Loading cell "dff_async_rst_454" ...
Loading cell "dff_async_rst_455" ...
Loading cell "dff_async_rst_456" ...
Loading cell "dff_async_rst_457" ...
Loading cell "dff_async_rst_458" ...
Loading cell "dff_async_rst_459" ...
Loading cell "dff_async_rst_460" ...
Loading cell "dff_async_rst_461" ...
Loading cell "dff_async_rst_462" ...
Loading cell "dff_async_rst_463" ...
Loading cell "dff_async_rst_464" ...
Loading cell "dff_async_rst_465" ...
Loading cell "dff_async_rst_466" ...
Loading cell "dff_async_rst_467" ...
Loading cell "dff_async_rst_468" ...
Loading cell "dff_async_rst_469" ...
Loading cell "dff_async_rst_470" ...
Loading cell "dff_async_rst_471" ...
Loading cell "dff_async_rst_472" ...
Loading cell "dff_async_rst_473" ...
Loading cell "dff_async_rst_474" ...
Loading cell "dff_async_rst_475" ...
Loading cell "prll_d_reg_bits65_6" ...
Loading cell "dff_async_rst_476" ...
Loading cell "dff_async_rst_477" ...
Loading cell "dff_async_rst_478" ...
Loading cell "dff_async_rst_481" ...
Loading cell "dff_async_rst_482" ...
Loading cell "dff_async_rst_483" ...
Loading cell "dff_async_rst_486" ...
Loading cell "dff_async_rst_487" ...
Loading cell "dff_async_rst_488" ...
Loading cell "dff_async_rst_489" ...
Loading cell "dff_async_rst_490" ...
Loading cell "dff_async_rst_491" ...
Loading cell "dff_async_rst_492" ...
Loading cell "dff_async_rst_493" ...
Loading cell "dff_async_rst_494" ...
Loading cell "dff_async_rst_495" ...
Loading cell "dff_async_rst_496" ...
Loading cell "dff_async_rst_497" ...
Loading cell "dff_async_rst_498" ...
Loading cell "dff_async_rst_499" ...
Loading cell "dff_async_rst_500" ...
Loading cell "dff_async_rst_501" ...
Loading cell "dff_async_rst_502" ...
Loading cell "dff_async_rst_503" ...
Loading cell "dff_async_rst_504" ...
Loading cell "dff_async_rst_505" ...
Loading cell "dff_async_rst_506" ...
Loading cell "dff_async_rst_507" ...
Loading cell "dff_async_rst_508" ...
Loading cell "dff_async_rst_509" ...
Loading cell "dff_async_rst_510" ...
Loading cell "dff_async_rst_511" ...
Loading cell "dff_async_rst_512" ...
Loading cell "dff_async_rst_513" ...
Loading cell "dff_async_rst_514" ...
Loading cell "dff_async_rst_515" ...
Loading cell "dff_async_rst_516" ...
Loading cell "dff_async_rst_517" ...
Loading cell "dff_async_rst_518" ...
Loading cell "dff_async_rst_519" ...
Loading cell "dff_async_rst_520" ...
Loading cell "dff_async_rst_521" ...
Loading cell "dff_async_rst_522" ...
Loading cell "dff_async_rst_523" ...
Loading cell "dff_async_rst_524" ...
Loading cell "dff_async_rst_525" ...
Loading cell "dff_async_rst_526" ...
Loading cell "dff_async_rst_527" ...
Loading cell "dff_async_rst_528" ...
Loading cell "dff_async_rst_529" ...
Loading cell "dff_async_rst_530" ...
Loading cell "dff_async_rst_531" ...
Loading cell "dff_async_rst_532" ...
Loading cell "dff_async_rst_533" ...
Loading cell "dff_async_rst_534" ...
Loading cell "dff_async_rst_535" ...
Loading cell "dff_async_rst_536" ...
Loading cell "dff_async_rst_537" ...
Loading cell "dff_async_rst_538" ...
Loading cell "dff_async_rst_539" ...
Loading cell "dff_async_rst_540" ...
Loading cell "prll_d_reg_bits65_7" ...
Loading cell "fifo_flops_no_full_depth2_bits65_3" ...
Loading cell "dff_async_rst_542" ...
Loading cell "dff_async_rst_543" ...
Loading cell "dff_async_rst_546" ...
Loading cell "dff_async_rst_547" ...
Loading cell "dff_async_rst_548" ...
Loading cell "dff_async_rst_549" ...
Loading cell "dff_async_rst_550" ...
Loading cell "dff_async_rst_551" ...
Loading cell "dff_async_rst_552" ...
Loading cell "dff_async_rst_553" ...
Loading cell "dff_async_rst_554" ...
Loading cell "dff_async_rst_555" ...
Loading cell "dff_async_rst_556" ...
Loading cell "dff_async_rst_557" ...
Loading cell "dff_async_rst_558" ...
Loading cell "dff_async_rst_559" ...
Loading cell "dff_async_rst_560" ...
Loading cell "dff_async_rst_561" ...
Loading cell "dff_async_rst_562" ...
Loading cell "dff_async_rst_563" ...
Loading cell "dff_async_rst_564" ...
Loading cell "dff_async_rst_565" ...
Loading cell "dff_async_rst_566" ...
Loading cell "dff_async_rst_567" ...
Loading cell "dff_async_rst_568" ...
Loading cell "dff_async_rst_569" ...
Loading cell "dff_async_rst_570" ...
Loading cell "dff_async_rst_571" ...
Loading cell "dff_async_rst_572" ...
Loading cell "dff_async_rst_573" ...
Loading cell "dff_async_rst_574" ...
Loading cell "dff_async_rst_575" ...
Loading cell "dff_async_rst_576" ...
Loading cell "dff_async_rst_577" ...
Loading cell "dff_async_rst_578" ...
Loading cell "dff_async_rst_579" ...
Loading cell "dff_async_rst_580" ...
Loading cell "dff_async_rst_581" ...
Loading cell "dff_async_rst_582" ...
Loading cell "dff_async_rst_583" ...
Loading cell "dff_async_rst_584" ...
Loading cell "dff_async_rst_585" ...
Loading cell "dff_async_rst_586" ...
Loading cell "dff_async_rst_587" ...
Loading cell "dff_async_rst_588" ...
Loading cell "dff_async_rst_589" ...
Loading cell "dff_async_rst_590" ...
Loading cell "dff_async_rst_591" ...
Loading cell "dff_async_rst_592" ...
Loading cell "dff_async_rst_593" ...
Loading cell "dff_async_rst_594" ...
Loading cell "dff_async_rst_595" ...
Loading cell "dff_async_rst_596" ...
Loading cell "dff_async_rst_597" ...
Loading cell "dff_async_rst_598" ...
Loading cell "dff_async_rst_599" ...
Loading cell "dff_async_rst_600" ...
Loading cell "dff_async_rst_601" ...
Loading cell "dff_async_rst_602" ...
Loading cell "dff_async_rst_603" ...
Loading cell "dff_async_rst_604" ...
Loading cell "dff_async_rst_605" ...
Loading cell "prll_d_reg_bits65_8" ...
Loading cell "dff_async_rst_607" ...
Loading cell "dff_async_rst_608" ...
Loading cell "dff_async_rst_611" ...
Loading cell "dff_async_rst_612" ...
Loading cell "dff_async_rst_613" ...
Loading cell "dff_async_rst_614" ...
Loading cell "dff_async_rst_615" ...
Loading cell "dff_async_rst_616" ...
Loading cell "dff_async_rst_617" ...
Loading cell "dff_async_rst_618" ...
Loading cell "dff_async_rst_619" ...
Loading cell "dff_async_rst_620" ...
Loading cell "dff_async_rst_621" ...
Loading cell "dff_async_rst_622" ...
Loading cell "dff_async_rst_623" ...
Loading cell "dff_async_rst_624" ...
Loading cell "dff_async_rst_625" ...
Loading cell "dff_async_rst_626" ...
Loading cell "dff_async_rst_627" ...
Loading cell "dff_async_rst_628" ...
Loading cell "dff_async_rst_629" ...
Loading cell "dff_async_rst_630" ...
Loading cell "dff_async_rst_631" ...
Loading cell "dff_async_rst_632" ...
Loading cell "dff_async_rst_633" ...
Loading cell "dff_async_rst_634" ...
Loading cell "dff_async_rst_635" ...
Loading cell "dff_async_rst_636" ...
Loading cell "dff_async_rst_637" ...
Loading cell "dff_async_rst_638" ...
Loading cell "dff_async_rst_639" ...
Loading cell "dff_async_rst_640" ...
Loading cell "dff_async_rst_641" ...
Loading cell "dff_async_rst_642" ...
Loading cell "dff_async_rst_643" ...
Loading cell "dff_async_rst_644" ...
Loading cell "dff_async_rst_645" ...
Loading cell "dff_async_rst_646" ...
Loading cell "dff_async_rst_647" ...
Loading cell "dff_async_rst_648" ...
Loading cell "dff_async_rst_649" ...
Loading cell "dff_async_rst_650" ...
Loading cell "dff_async_rst_651" ...
Loading cell "dff_async_rst_652" ...
Loading cell "dff_async_rst_653" ...
Loading cell "dff_async_rst_654" ...
Loading cell "dff_async_rst_655" ...
Loading cell "dff_async_rst_656" ...
Loading cell "dff_async_rst_657" ...
Loading cell "dff_async_rst_658" ...
Loading cell "dff_async_rst_659" ...
Loading cell "dff_async_rst_660" ...
Loading cell "dff_async_rst_661" ...
Loading cell "dff_async_rst_662" ...
Loading cell "dff_async_rst_663" ...
Loading cell "dff_async_rst_664" ...
Loading cell "dff_async_rst_665" ...
Loading cell "dff_async_rst_666" ...
Loading cell "dff_async_rst_667" ...
Loading cell "dff_async_rst_668" ...
Loading cell "dff_async_rst_669" ...
Loading cell "dff_async_rst_670" ...
Loading cell "prll_d_reg_bits65_9" ...
Loading cell "dff_async_rst_672" ...
Loading cell "dff_async_rst_673" ...
Loading cell "dff_async_rst_676" ...
Loading cell "dff_async_rst_677" ...
Loading cell "dff_async_rst_678" ...
Loading cell "dff_async_rst_679" ...
Loading cell "dff_async_rst_680" ...
Loading cell "dff_async_rst_681" ...
Loading cell "dff_async_rst_682" ...
Loading cell "dff_async_rst_683" ...
Loading cell "dff_async_rst_684" ...
Loading cell "dff_async_rst_685" ...
Loading cell "dff_async_rst_686" ...
Loading cell "dff_async_rst_687" ...
Loading cell "dff_async_rst_688" ...
Loading cell "dff_async_rst_689" ...
Loading cell "dff_async_rst_690" ...
Loading cell "dff_async_rst_691" ...
Loading cell "dff_async_rst_692" ...
Loading cell "dff_async_rst_693" ...
Loading cell "dff_async_rst_694" ...
Loading cell "dff_async_rst_695" ...
Loading cell "dff_async_rst_696" ...
Loading cell "dff_async_rst_697" ...
Loading cell "dff_async_rst_698" ...
Loading cell "dff_async_rst_699" ...
Loading cell "dff_async_rst_700" ...
Loading cell "dff_async_rst_701" ...
Loading cell "dff_async_rst_702" ...
Loading cell "dff_async_rst_703" ...
Loading cell "dff_async_rst_704" ...
Loading cell "dff_async_rst_705" ...
Loading cell "dff_async_rst_706" ...
Loading cell "dff_async_rst_707" ...
Loading cell "dff_async_rst_708" ...
Loading cell "dff_async_rst_709" ...
Loading cell "dff_async_rst_710" ...
Loading cell "dff_async_rst_711" ...
Loading cell "dff_async_rst_712" ...
Loading cell "dff_async_rst_713" ...
Loading cell "dff_async_rst_714" ...
Loading cell "dff_async_rst_715" ...
Loading cell "dff_async_rst_716" ...
Loading cell "dff_async_rst_717" ...
Loading cell "dff_async_rst_718" ...
Loading cell "dff_async_rst_719" ...
Loading cell "dff_async_rst_720" ...
Loading cell "dff_async_rst_721" ...
Loading cell "dff_async_rst_722" ...
Loading cell "dff_async_rst_723" ...
Loading cell "dff_async_rst_724" ...
Loading cell "dff_async_rst_725" ...
Loading cell "dff_async_rst_726" ...
Loading cell "dff_async_rst_727" ...
Loading cell "dff_async_rst_728" ...
Loading cell "dff_async_rst_729" ...
Loading cell "dff_async_rst_730" ...
Loading cell "dff_async_rst_731" ...
Loading cell "dff_async_rst_732" ...
Loading cell "dff_async_rst_733" ...
Loading cell "dff_async_rst_734" ...
Loading cell "dff_async_rst_735" ...
Loading cell "prll_d_reg_bits65_10" ...
Loading cell "fifo_flops_no_full_depth3_bits65_0" ...
Loading cell "dff_async_rst_739" ...
Loading cell "dff_async_rst_740" ...
Loading cell "dff_async_rst_741" ...
Loading cell "dff_async_rst_742" ...
Loading cell "dff_async_rst_743" ...
Loading cell "dff_async_rst_744" ...
Loading cell "dff_async_rst_745" ...
Loading cell "dff_async_rst_746" ...
Loading cell "dff_async_rst_747" ...
Loading cell "dff_async_rst_748" ...
Loading cell "dff_async_rst_749" ...
Loading cell "dff_async_rst_750" ...
Loading cell "dff_async_rst_751" ...
Loading cell "dff_async_rst_752" ...
Loading cell "dff_async_rst_753" ...
Loading cell "dff_async_rst_754" ...
Loading cell "dff_async_rst_755" ...
Loading cell "dff_async_rst_756" ...
Loading cell "dff_async_rst_757" ...
Loading cell "dff_async_rst_758" ...
Loading cell "dff_async_rst_759" ...
Loading cell "dff_async_rst_760" ...
Loading cell "dff_async_rst_761" ...
Loading cell "dff_async_rst_762" ...
Loading cell "dff_async_rst_763" ...
Loading cell "dff_async_rst_764" ...
Loading cell "dff_async_rst_765" ...
Loading cell "dff_async_rst_766" ...
Loading cell "dff_async_rst_767" ...
Loading cell "dff_async_rst_768" ...
Loading cell "dff_async_rst_769" ...
Loading cell "dff_async_rst_770" ...
Loading cell "dff_async_rst_771" ...
Loading cell "dff_async_rst_772" ...
Loading cell "dff_async_rst_773" ...
Loading cell "dff_async_rst_774" ...
Loading cell "dff_async_rst_775" ...
Loading cell "dff_async_rst_776" ...
Loading cell "dff_async_rst_777" ...
Loading cell "dff_async_rst_778" ...
Loading cell "dff_async_rst_779" ...
Loading cell "dff_async_rst_780" ...
Loading cell "dff_async_rst_781" ...
Loading cell "dff_async_rst_782" ...
Loading cell "dff_async_rst_783" ...
Loading cell "dff_async_rst_784" ...
Loading cell "dff_async_rst_785" ...
Loading cell "dff_async_rst_786" ...
Loading cell "dff_async_rst_787" ...
Loading cell "dff_async_rst_788" ...
Loading cell "dff_async_rst_789" ...
Loading cell "dff_async_rst_790" ...
Loading cell "dff_async_rst_791" ...
Loading cell "dff_async_rst_792" ...
Loading cell "dff_async_rst_793" ...
Loading cell "dff_async_rst_794" ...
Loading cell "dff_async_rst_795" ...
Loading cell "dff_async_rst_796" ...
Loading cell "dff_async_rst_797" ...
Loading cell "dff_async_rst_798" ...
Loading cell "dff_async_rst_799" ...
Loading cell "dff_async_rst_800" ...
Loading cell "prll_d_reg_bits65_11" ...
Loading cell "dff_async_rst_804" ...
Loading cell "dff_async_rst_805" ...
Loading cell "dff_async_rst_806" ...
Loading cell "dff_async_rst_807" ...
Loading cell "dff_async_rst_808" ...
Loading cell "dff_async_rst_809" ...
Loading cell "dff_async_rst_810" ...
Loading cell "dff_async_rst_811" ...
Loading cell "dff_async_rst_812" ...
Loading cell "dff_async_rst_813" ...
Loading cell "dff_async_rst_814" ...
Loading cell "dff_async_rst_815" ...
Loading cell "dff_async_rst_816" ...
Loading cell "dff_async_rst_817" ...
Loading cell "dff_async_rst_818" ...
Loading cell "dff_async_rst_819" ...
Loading cell "dff_async_rst_820" ...
Loading cell "dff_async_rst_821" ...
Loading cell "dff_async_rst_822" ...
Loading cell "dff_async_rst_823" ...
Loading cell "dff_async_rst_824" ...
Loading cell "dff_async_rst_825" ...
Loading cell "dff_async_rst_826" ...
Loading cell "dff_async_rst_827" ...
Loading cell "dff_async_rst_828" ...
Loading cell "dff_async_rst_829" ...
Loading cell "dff_async_rst_830" ...
Loading cell "dff_async_rst_831" ...
Loading cell "dff_async_rst_832" ...
Loading cell "dff_async_rst_833" ...
Loading cell "dff_async_rst_834" ...
Loading cell "dff_async_rst_835" ...
Loading cell "dff_async_rst_836" ...
Loading cell "dff_async_rst_837" ...
Loading cell "dff_async_rst_838" ...
Loading cell "dff_async_rst_839" ...
Loading cell "dff_async_rst_840" ...
Loading cell "dff_async_rst_841" ...
Loading cell "dff_async_rst_842" ...
Loading cell "dff_async_rst_843" ...
Loading cell "dff_async_rst_844" ...
Loading cell "dff_async_rst_845" ...
Loading cell "dff_async_rst_846" ...
Loading cell "dff_async_rst_847" ...
Loading cell "dff_async_rst_848" ...
Loading cell "dff_async_rst_849" ...
Loading cell "dff_async_rst_850" ...
Loading cell "dff_async_rst_851" ...
Loading cell "dff_async_rst_852" ...
Loading cell "dff_async_rst_853" ...
Loading cell "dff_async_rst_854" ...
Loading cell "dff_async_rst_855" ...
Loading cell "dff_async_rst_856" ...
Loading cell "dff_async_rst_857" ...
Loading cell "dff_async_rst_858" ...
Loading cell "dff_async_rst_859" ...
Loading cell "dff_async_rst_860" ...
Loading cell "dff_async_rst_861" ...
Loading cell "dff_async_rst_862" ...
Loading cell "dff_async_rst_863" ...
Loading cell "dff_async_rst_864" ...
Loading cell "dff_async_rst_865" ...
Loading cell "prll_d_reg_bits65_12" ...
Loading cell "dff_async_rst_869" ...
Loading cell "dff_async_rst_870" ...
Loading cell "dff_async_rst_871" ...
Loading cell "dff_async_rst_872" ...
Loading cell "dff_async_rst_873" ...
Loading cell "dff_async_rst_874" ...
Loading cell "dff_async_rst_875" ...
Loading cell "dff_async_rst_876" ...
Loading cell "dff_async_rst_877" ...
Loading cell "dff_async_rst_878" ...
Loading cell "dff_async_rst_879" ...
Loading cell "dff_async_rst_880" ...
Loading cell "dff_async_rst_881" ...
Loading cell "dff_async_rst_882" ...
Loading cell "dff_async_rst_883" ...
Loading cell "dff_async_rst_884" ...
Loading cell "dff_async_rst_885" ...
Loading cell "dff_async_rst_886" ...
Loading cell "dff_async_rst_887" ...
Loading cell "dff_async_rst_888" ...
Loading cell "dff_async_rst_889" ...
Loading cell "dff_async_rst_890" ...
Loading cell "dff_async_rst_891" ...
Loading cell "dff_async_rst_892" ...
Loading cell "dff_async_rst_893" ...
Loading cell "dff_async_rst_894" ...
Loading cell "dff_async_rst_895" ...
Loading cell "dff_async_rst_896" ...
Loading cell "dff_async_rst_897" ...
Loading cell "dff_async_rst_898" ...
Loading cell "dff_async_rst_899" ...
Loading cell "dff_async_rst_900" ...
Loading cell "dff_async_rst_901" ...
Loading cell "dff_async_rst_902" ...
Loading cell "dff_async_rst_903" ...
Loading cell "dff_async_rst_904" ...
Loading cell "dff_async_rst_905" ...
Loading cell "dff_async_rst_906" ...
Loading cell "dff_async_rst_907" ...
Loading cell "dff_async_rst_908" ...
Loading cell "dff_async_rst_909" ...
Loading cell "dff_async_rst_910" ...
Loading cell "dff_async_rst_911" ...
Loading cell "dff_async_rst_912" ...
Loading cell "dff_async_rst_913" ...
Loading cell "dff_async_rst_914" ...
Loading cell "dff_async_rst_915" ...
Loading cell "dff_async_rst_916" ...
Loading cell "dff_async_rst_917" ...
Loading cell "dff_async_rst_918" ...
Loading cell "dff_async_rst_919" ...
Loading cell "dff_async_rst_920" ...
Loading cell "dff_async_rst_921" ...
Loading cell "dff_async_rst_922" ...
Loading cell "dff_async_rst_923" ...
Loading cell "dff_async_rst_924" ...
Loading cell "dff_async_rst_925" ...
Loading cell "dff_async_rst_926" ...
Loading cell "dff_async_rst_927" ...
Loading cell "dff_async_rst_928" ...
Loading cell "dff_async_rst_929" ...
Loading cell "dff_async_rst_930" ...
Loading cell "prll_d_reg_bits65_13" ...
Loading cell "fifo_flops_no_full_depth3_bits65_1" ...
Loading cell "tri_buf_6" ...
Loading cell "tri_buf_7" ...
Loading cell "tri_buf_8" ...
Loading cell "tri_buf_9" ...
Loading cell "tri_buf_10" ...
Loading cell "tri_buf_11" ...
Loading cell "tri_buf_12" ...
Loading cell "tri_buf_13" ...
Loading cell "tri_buf_14" ...
Loading cell "tri_buf_15" ...
Loading cell "tri_buf_16" ...
Loading cell "tri_buf_17" ...
Loading cell "tri_buf_18" ...
Loading cell "tri_buf_19" ...
Loading cell "tri_buf_20" ...
Loading cell "tri_buf_21" ...
Loading cell "tri_buf_22" ...
Loading cell "tri_buf_23" ...
Loading cell "tri_buf_24" ...
Loading cell "tri_buf_25" ...
Loading cell "tri_buf_26" ...
Loading cell "tri_buf_27" ...
Loading cell "tri_buf_28" ...
Loading cell "tri_buf_29" ...
Loading cell "tri_buf_30" ...
Loading cell "tri_buf_31" ...
Loading cell "tri_buf_32" ...
Loading cell "tri_buf_33" ...
Loading cell "tri_buf_34" ...
Loading cell "tri_buf_35" ...
Loading cell "tri_buf_36" ...
Loading cell "tri_buf_37" ...
Loading cell "tri_buf_38" ...
Loading cell "tri_buf_39" ...
Loading cell "tri_buf_40" ...
Loading cell "tri_buf_41" ...
Loading cell "tri_buf_42" ...
Loading cell "tri_buf_43" ...
Loading cell "tri_buf_44" ...
Loading cell "tri_buf_45" ...
Loading cell "tri_buf_46" ...
Loading cell "tri_buf_47" ...
Loading cell "tri_buf_48" ...
Loading cell "tri_buf_49" ...
Loading cell "tri_buf_50" ...
Loading cell "tri_buf_51" ...
Loading cell "tri_buf_52" ...
Loading cell "tri_buf_53" ...
Loading cell "tri_buf_54" ...
Loading cell "tri_buf_55" ...
Loading cell "tri_buf_56" ...
Loading cell "tri_buf_57" ...
Loading cell "tri_buf_58" ...
Loading cell "tri_buf_59" ...
Loading cell "tri_buf_60" ...
Loading cell "tri_buf_61" ...
Loading cell "tri_buf_62" ...
Loading cell "tri_buf_63" ...
Loading cell "tri_buf_64" ...
Loading cell "tri_buf_65" ...
Loading cell "tri_buf_66" ...
Loading cell "tri_buf_67" ...
Loading cell "tri_buf_68" ...
Loading cell "tri_buf_69" ...
Loading cell "tri_buf_70" ...
Loading cell "tri_buf_0" ...
Loading cell "tri_buf_1" ...
Loading cell "dff_async_rst_0" ...
Loading cell "dff_async_rst_1" ...
Loading cell "dff_async_rst_2" ...
Loading cell "prll_rd_st_mchn_0" ...
Loading cell "dff_async_rst_3" ...
Loading cell "dff_async_rst_4" ...
Loading cell "dff_async_rst_5" ...
Loading cell "prll_wt_st_mchn_0" ...
Loading cell "dff_async_rst_6" ...
Loading cell "Arbiter_st_Mchn_0" ...
Loading cell "Counter_arb_mx_cnt3_0" ...
Loading cell "dff_async_rst_931" ...
Loading cell "prll_intrfs_cntrl_riscv_2_7_3" ...
Loading cell "dff_async_rst_933" ...
Loading cell "dff_async_rst_934" ...
Loading cell "dff_async_rst_935" ...
Loading cell "dff_async_rst_936" ...
Loading cell "dff_async_rst_937" ...
Loading cell "dff_async_rst_938" ...
Loading cell "dff_async_rst_939" ...
Loading cell "dff_async_rst_940" ...
Loading cell "dff_async_rst_941" ...
Loading cell "dff_async_rst_942" ...
Loading cell "dff_async_rst_943" ...
Loading cell "dff_async_rst_944" ...
Loading cell "dff_async_rst_945" ...
Loading cell "dff_async_rst_946" ...
Loading cell "dff_async_rst_947" ...
Loading cell "dff_async_rst_948" ...
Loading cell "dff_async_rst_949" ...
Loading cell "dff_async_rst_950" ...
Loading cell "dff_async_rst_951" ...
Loading cell "dff_async_rst_952" ...
Loading cell "dff_async_rst_953" ...
Loading cell "dff_async_rst_954" ...
Loading cell "dff_async_rst_955" ...
Loading cell "dff_async_rst_956" ...
Loading cell "dff_async_rst_957" ...
Loading cell "dff_async_rst_958" ...
Loading cell "dff_async_rst_959" ...
Loading cell "dff_async_rst_960" ...
Loading cell "dff_async_rst_961" ...
Loading cell "dff_async_rst_962" ...
Loading cell "dff_async_rst_963" ...
Loading cell "dff_async_rst_964" ...
Loading cell "dff_async_rst_965" ...
Loading cell "dff_async_rst_966" ...
Loading cell "dff_async_rst_967" ...
Loading cell "dff_async_rst_968" ...
Loading cell "dff_async_rst_969" ...
Loading cell "dff_async_rst_970" ...
Loading cell "dff_async_rst_971" ...
Loading cell "dff_async_rst_972" ...
Loading cell "dff_async_rst_973" ...
Loading cell "dff_async_rst_974" ...
Loading cell "dff_async_rst_975" ...
Loading cell "dff_async_rst_976" ...
Loading cell "dff_async_rst_977" ...
Loading cell "dff_async_rst_978" ...
Loading cell "dff_async_rst_979" ...
Loading cell "dff_async_rst_980" ...
Loading cell "dff_async_rst_981" ...
Loading cell "dff_async_rst_982" ...
Loading cell "dff_async_rst_983" ...
Loading cell "dff_async_rst_984" ...
Loading cell "dff_async_rst_985" ...
Loading cell "dff_async_rst_986" ...
Loading cell "dff_async_rst_987" ...
Loading cell "dff_async_rst_988" ...
Loading cell "dff_async_rst_989" ...
Loading cell "dff_async_rst_990" ...
Loading cell "dff_async_rst_991" ...
Loading cell "dff_async_rst_992" ...
Loading cell "dff_async_rst_993" ...
Loading cell "dff_async_rst_994" ...
Loading cell "dff_async_rst_995" ...
Loading cell "dff_async_rst_996" ...
Loading cell "prll_d_reg_bits65_14" ...
Loading cell "dff_async_rst_997" ...
Loading cell "dff_async_rst_998" ...
Loading cell "dff_async_rst_999" ...
Loading cell "dff_async_rst_1000" ...
Loading cell "dff_async_rst_1001" ...
Loading cell "dff_async_rst_1002" ...
Loading cell "dff_async_rst_1003" ...
Loading cell "dff_async_rst_1004" ...
Loading cell "dff_async_rst_1005" ...
Loading cell "dff_async_rst_1006" ...
Loading cell "dff_async_rst_1007" ...
Loading cell "dff_async_rst_1008" ...
Loading cell "dff_async_rst_1009" ...
Loading cell "dff_async_rst_1010" ...
Loading cell "dff_async_rst_1011" ...
Loading cell "dff_async_rst_1012" ...
Loading cell "dff_async_rst_1013" ...
Loading cell "dff_async_rst_1014" ...
Loading cell "dff_async_rst_1015" ...
Loading cell "dff_async_rst_1016" ...
Loading cell "dff_async_rst_1017" ...
Loading cell "dff_async_rst_1018" ...
Loading cell "dff_async_rst_1019" ...
Loading cell "dff_async_rst_1020" ...
Loading cell "dff_async_rst_1021" ...
Loading cell "dff_async_rst_1022" ...
Loading cell "dff_async_rst_1023" ...
Loading cell "dff_async_rst_1024" ...
Loading cell "dff_async_rst_1025" ...
Loading cell "dff_async_rst_1026" ...
Loading cell "dff_async_rst_1027" ...
Loading cell "dff_async_rst_1028" ...
Loading cell "dff_async_rst_1029" ...
Loading cell "dff_async_rst_1030" ...
Loading cell "dff_async_rst_1031" ...
Loading cell "dff_async_rst_1032" ...
Loading cell "dff_async_rst_1033" ...
Loading cell "dff_async_rst_1034" ...
Loading cell "dff_async_rst_1035" ...
Loading cell "dff_async_rst_1036" ...
Loading cell "dff_async_rst_1037" ...
Loading cell "dff_async_rst_1038" ...
Loading cell "dff_async_rst_1039" ...
Loading cell "dff_async_rst_1040" ...
Loading cell "dff_async_rst_1041" ...
Loading cell "dff_async_rst_1042" ...
Loading cell "dff_async_rst_1043" ...
Loading cell "dff_async_rst_1044" ...
Loading cell "dff_async_rst_1045" ...
Loading cell "dff_async_rst_1046" ...
Loading cell "dff_async_rst_1047" ...
Loading cell "dff_async_rst_1048" ...
Loading cell "dff_async_rst_1049" ...
Loading cell "dff_async_rst_1050" ...
Loading cell "dff_async_rst_1051" ...
Loading cell "dff_async_rst_1052" ...
Loading cell "dff_async_rst_1053" ...
Loading cell "dff_async_rst_1054" ...
Loading cell "dff_async_rst_1055" ...
Loading cell "dff_async_rst_1056" ...
Loading cell "dff_async_rst_1057" ...
Loading cell "dff_async_rst_1058" ...
Loading cell "dff_async_rst_1059" ...
Loading cell "dff_async_rst_1060" ...
Loading cell "dff_async_rst_1061" ...
Loading cell "prll_d_reg_bits65_15" ...
Loading cell "prll_bs_ntrfs_riscv_3_65_2_7" ...
Loading cell "tri_buf_71" ...
Loading cell "tri_buf_72" ...
Loading cell "tri_buf_73" ...
Loading cell "tri_buf_74" ...
Loading cell "tri_buf_75" ...
Loading cell "tri_buf_76" ...
Loading cell "tri_buf_77" ...
Loading cell "tri_buf_78" ...
Loading cell "tri_buf_79" ...
Loading cell "tri_buf_80" ...
Loading cell "tri_buf_81" ...
Loading cell "tri_buf_82" ...
Loading cell "tri_buf_83" ...
Loading cell "tri_buf_84" ...
Loading cell "tri_buf_85" ...
Loading cell "tri_buf_86" ...
Loading cell "tri_buf_87" ...
Loading cell "tri_buf_88" ...
Loading cell "tri_buf_89" ...
Loading cell "tri_buf_90" ...
Loading cell "tri_buf_91" ...
Loading cell "tri_buf_92" ...
Loading cell "tri_buf_93" ...
Loading cell "tri_buf_94" ...
Loading cell "tri_buf_95" ...
Loading cell "tri_buf_96" ...
Loading cell "tri_buf_97" ...
Loading cell "tri_buf_98" ...
Loading cell "tri_buf_99" ...
Loading cell "tri_buf_100" ...
Loading cell "tri_buf_101" ...
Loading cell "tri_buf_102" ...
Loading cell "tri_buf_103" ...
Loading cell "tri_buf_104" ...
Loading cell "tri_buf_105" ...
Loading cell "tri_buf_106" ...
Loading cell "tri_buf_107" ...
Loading cell "tri_buf_108" ...
Loading cell "tri_buf_109" ...
Loading cell "tri_buf_110" ...
Loading cell "tri_buf_111" ...
Loading cell "tri_buf_112" ...
Loading cell "tri_buf_113" ...
Loading cell "tri_buf_114" ...
Loading cell "tri_buf_115" ...
Loading cell "tri_buf_116" ...
Loading cell "tri_buf_117" ...
Loading cell "tri_buf_118" ...
Loading cell "tri_buf_119" ...
Loading cell "tri_buf_120" ...
Loading cell "tri_buf_121" ...
Loading cell "tri_buf_122" ...
Loading cell "tri_buf_123" ...
Loading cell "tri_buf_124" ...
Loading cell "tri_buf_125" ...
Loading cell "tri_buf_126" ...
Loading cell "tri_buf_127" ...
Loading cell "tri_buf_128" ...
Loading cell "tri_buf_129" ...
Loading cell "tri_buf_130" ...
Loading cell "tri_buf_131" ...
Loading cell "tri_buf_132" ...
Loading cell "tri_buf_133" ...
Loading cell "tri_buf_134" ...
Loading cell "tri_buf_135" ...
Loading cell "tri_buf_2" ...
Loading cell "tri_buf_3" ...
Loading cell "dff_async_rst_7" ...
Loading cell "dff_async_rst_8" ...
Loading cell "dff_async_rst_9" ...
Loading cell "prll_rd_st_mchn_1" ...
Loading cell "dff_async_rst_10" ...
Loading cell "dff_async_rst_11" ...
Loading cell "dff_async_rst_12" ...
Loading cell "prll_wt_st_mchn_1" ...
Loading cell "dff_async_rst_13" ...
Loading cell "Arbiter_st_Mchn_1" ...
Loading cell "Counter_arb_mx_cnt3_1" ...
Loading cell "dff_async_rst_1062" ...
Loading cell "prll_intrfs_cntrl_riscv_1_7_3" ...
Loading cell "dff_async_rst_1067" ...
Loading cell "dff_async_rst_1068" ...
Loading cell "dff_async_rst_1069" ...
Loading cell "dff_async_rst_1070" ...
Loading cell "dff_async_rst_1071" ...
Loading cell "dff_async_rst_1072" ...
Loading cell "dff_async_rst_1073" ...
Loading cell "dff_async_rst_1074" ...
Loading cell "dff_async_rst_1075" ...
Loading cell "dff_async_rst_1076" ...
Loading cell "dff_async_rst_1077" ...
Loading cell "dff_async_rst_1078" ...
Loading cell "dff_async_rst_1079" ...
Loading cell "dff_async_rst_1080" ...
Loading cell "dff_async_rst_1081" ...
Loading cell "dff_async_rst_1082" ...
Loading cell "dff_async_rst_1083" ...
Loading cell "dff_async_rst_1084" ...
Loading cell "dff_async_rst_1085" ...
Loading cell "dff_async_rst_1086" ...
Loading cell "dff_async_rst_1087" ...
Loading cell "dff_async_rst_1088" ...
Loading cell "dff_async_rst_1089" ...
Loading cell "dff_async_rst_1090" ...
Loading cell "dff_async_rst_1091" ...
Loading cell "dff_async_rst_1092" ...
Loading cell "dff_async_rst_1093" ...
Loading cell "dff_async_rst_1094" ...
Loading cell "dff_async_rst_1095" ...
Loading cell "dff_async_rst_1096" ...
Loading cell "dff_async_rst_1097" ...
Loading cell "dff_async_rst_1098" ...
Loading cell "dff_async_rst_1099" ...
Loading cell "dff_async_rst_1100" ...
Loading cell "dff_async_rst_1101" ...
Loading cell "dff_async_rst_1102" ...
Loading cell "dff_async_rst_1103" ...
Loading cell "dff_async_rst_1104" ...
Loading cell "dff_async_rst_1105" ...
Loading cell "dff_async_rst_1106" ...
Loading cell "dff_async_rst_1107" ...
Loading cell "dff_async_rst_1108" ...
Loading cell "dff_async_rst_1109" ...
Loading cell "dff_async_rst_1110" ...
Loading cell "dff_async_rst_1111" ...
Loading cell "dff_async_rst_1112" ...
Loading cell "dff_async_rst_1113" ...
Loading cell "dff_async_rst_1114" ...
Loading cell "dff_async_rst_1115" ...
Loading cell "dff_async_rst_1116" ...
Loading cell "dff_async_rst_1117" ...
Loading cell "dff_async_rst_1118" ...
Loading cell "dff_async_rst_1119" ...
Loading cell "dff_async_rst_1120" ...
Loading cell "dff_async_rst_1121" ...
Loading cell "dff_async_rst_1122" ...
Loading cell "dff_async_rst_1123" ...
Loading cell "dff_async_rst_1124" ...
Loading cell "dff_async_rst_1125" ...
Loading cell "dff_async_rst_1126" ...
Loading cell "dff_async_rst_1127" ...
Loading cell "prll_d_reg_bits65_16" ...
Loading cell "dff_async_rst_1128" ...
Loading cell "dff_async_rst_1129" ...
Loading cell "dff_async_rst_1130" ...
Loading cell "dff_async_rst_1133" ...
Loading cell "dff_async_rst_1134" ...
Loading cell "dff_async_rst_1135" ...
Loading cell "dff_async_rst_1138" ...
Loading cell "dff_async_rst_1139" ...
Loading cell "dff_async_rst_1140" ...
Loading cell "dff_async_rst_1141" ...
Loading cell "dff_async_rst_1142" ...
Loading cell "dff_async_rst_1143" ...
Loading cell "dff_async_rst_1144" ...
Loading cell "dff_async_rst_1145" ...
Loading cell "dff_async_rst_1146" ...
Loading cell "dff_async_rst_1147" ...
Loading cell "dff_async_rst_1148" ...
Loading cell "dff_async_rst_1149" ...
Loading cell "dff_async_rst_1150" ...
Loading cell "dff_async_rst_1151" ...
Loading cell "dff_async_rst_1152" ...
Loading cell "dff_async_rst_1153" ...
Loading cell "dff_async_rst_1154" ...
Loading cell "dff_async_rst_1155" ...
Loading cell "dff_async_rst_1156" ...
Loading cell "dff_async_rst_1157" ...
Loading cell "dff_async_rst_1158" ...
Loading cell "dff_async_rst_1159" ...
Loading cell "dff_async_rst_1160" ...
Loading cell "dff_async_rst_1161" ...
Loading cell "dff_async_rst_1162" ...
Loading cell "dff_async_rst_1163" ...
Loading cell "dff_async_rst_1164" ...
Loading cell "dff_async_rst_1165" ...
Loading cell "dff_async_rst_1166" ...
Loading cell "dff_async_rst_1167" ...
Loading cell "dff_async_rst_1168" ...
Loading cell "dff_async_rst_1169" ...
Loading cell "dff_async_rst_1170" ...
Loading cell "dff_async_rst_1171" ...
Loading cell "dff_async_rst_1172" ...
Loading cell "dff_async_rst_1173" ...
Loading cell "dff_async_rst_1174" ...
Loading cell "dff_async_rst_1175" ...
Loading cell "dff_async_rst_1176" ...
Loading cell "dff_async_rst_1177" ...
Loading cell "dff_async_rst_1178" ...
Loading cell "dff_async_rst_1179" ...
Loading cell "dff_async_rst_1180" ...
Loading cell "dff_async_rst_1181" ...
Loading cell "dff_async_rst_1182" ...
Loading cell "dff_async_rst_1183" ...
Loading cell "dff_async_rst_1184" ...
Loading cell "dff_async_rst_1185" ...
Loading cell "dff_async_rst_1186" ...
Loading cell "dff_async_rst_1187" ...
Loading cell "dff_async_rst_1188" ...
Loading cell "dff_async_rst_1189" ...
Loading cell "dff_async_rst_1190" ...
Loading cell "dff_async_rst_1191" ...
Loading cell "dff_async_rst_1192" ...
Loading cell "prll_d_reg_bits65_17" ...
Loading cell "prll_bs_ntrfs_riscv_3_65_1_7" ...
Loading cell "tri_buf_136" ...
Loading cell "tri_buf_137" ...
Loading cell "tri_buf_138" ...
Loading cell "tri_buf_139" ...
Loading cell "tri_buf_140" ...
Loading cell "tri_buf_141" ...
Loading cell "tri_buf_142" ...
Loading cell "tri_buf_143" ...
Loading cell "tri_buf_144" ...
Loading cell "tri_buf_145" ...
Loading cell "tri_buf_146" ...
Loading cell "tri_buf_147" ...
Loading cell "tri_buf_148" ...
Loading cell "tri_buf_149" ...
Loading cell "tri_buf_150" ...
Loading cell "tri_buf_151" ...
Loading cell "tri_buf_152" ...
Loading cell "tri_buf_153" ...
Loading cell "tri_buf_154" ...
Loading cell "tri_buf_155" ...
Loading cell "tri_buf_156" ...
Loading cell "tri_buf_157" ...
Loading cell "tri_buf_158" ...
Loading cell "tri_buf_159" ...
Loading cell "tri_buf_160" ...
Loading cell "tri_buf_161" ...
Loading cell "tri_buf_162" ...
Loading cell "tri_buf_163" ...
Loading cell "tri_buf_164" ...
Loading cell "tri_buf_165" ...
Loading cell "tri_buf_166" ...
Loading cell "tri_buf_167" ...
Loading cell "tri_buf_168" ...
Loading cell "tri_buf_169" ...
Loading cell "tri_buf_170" ...
Loading cell "tri_buf_171" ...
Loading cell "tri_buf_172" ...
Loading cell "tri_buf_173" ...
Loading cell "tri_buf_174" ...
Loading cell "tri_buf_175" ...
Loading cell "tri_buf_176" ...
Loading cell "tri_buf_177" ...
Loading cell "tri_buf_178" ...
Loading cell "tri_buf_179" ...
Loading cell "tri_buf_180" ...
Loading cell "tri_buf_181" ...
Loading cell "tri_buf_182" ...
Loading cell "tri_buf_183" ...
Loading cell "tri_buf_184" ...
Loading cell "tri_buf_185" ...
Loading cell "tri_buf_186" ...
Loading cell "tri_buf_187" ...
Loading cell "tri_buf_188" ...
Loading cell "tri_buf_189" ...
Loading cell "tri_buf_190" ...
Loading cell "tri_buf_191" ...
Loading cell "tri_buf_192" ...
Loading cell "tri_buf_193" ...
Loading cell "tri_buf_194" ...
Loading cell "tri_buf_195" ...
Loading cell "tri_buf_196" ...
Loading cell "tri_buf_197" ...
Loading cell "tri_buf_198" ...
Loading cell "tri_buf_199" ...
Loading cell "tri_buf_200" ...
Loading cell "tri_buf_4" ...
Loading cell "tri_buf_5" ...
Loading cell "dff_async_rst_14" ...
Loading cell "dff_async_rst_15" ...
Loading cell "dff_async_rst_16" ...
Loading cell "prll_rd_st_mchn_2" ...
Loading cell "dff_async_rst_17" ...
Loading cell "dff_async_rst_18" ...
Loading cell "dff_async_rst_19" ...
Loading cell "prll_wt_st_mchn_2" ...
Loading cell "dff_async_rst_20" ...
Loading cell "Arbiter_st_Mchn_2" ...
Loading cell "Counter_arb_mx_cnt3_2" ...
Loading cell "dff_async_rst_1193" ...
Loading cell "prll_intrfs_cntrl_riscv_0_7_3" ...
Loading cell "dff_async_rst_1195" ...
Loading cell "dff_async_rst_1196" ...
Loading cell "dff_async_rst_1199" ...
Loading cell "dff_async_rst_1200" ...
Loading cell "dff_async_rst_1201" ...
Loading cell "dff_async_rst_1202" ...
Loading cell "dff_async_rst_1203" ...
Loading cell "dff_async_rst_1204" ...
Loading cell "dff_async_rst_1205" ...
Loading cell "dff_async_rst_1206" ...
Loading cell "dff_async_rst_1207" ...
Loading cell "dff_async_rst_1208" ...
Loading cell "dff_async_rst_1209" ...
Loading cell "dff_async_rst_1210" ...
Loading cell "dff_async_rst_1211" ...
Loading cell "dff_async_rst_1212" ...
Loading cell "dff_async_rst_1213" ...
Loading cell "dff_async_rst_1214" ...
Loading cell "dff_async_rst_1215" ...
Loading cell "dff_async_rst_1216" ...
Loading cell "dff_async_rst_1217" ...
Loading cell "dff_async_rst_1218" ...
Loading cell "dff_async_rst_1219" ...
Loading cell "dff_async_rst_1220" ...
Loading cell "dff_async_rst_1221" ...
Loading cell "dff_async_rst_1222" ...
Loading cell "dff_async_rst_1223" ...
Loading cell "dff_async_rst_1224" ...
Loading cell "dff_async_rst_1225" ...
Loading cell "dff_async_rst_1226" ...
Loading cell "dff_async_rst_1227" ...
Loading cell "dff_async_rst_1228" ...
Loading cell "dff_async_rst_1229" ...
Loading cell "dff_async_rst_1230" ...
Loading cell "dff_async_rst_1231" ...
Loading cell "dff_async_rst_1232" ...
Loading cell "dff_async_rst_1233" ...
Loading cell "dff_async_rst_1234" ...
Loading cell "dff_async_rst_1235" ...
Loading cell "dff_async_rst_1236" ...
Loading cell "dff_async_rst_1237" ...
Loading cell "dff_async_rst_1238" ...
Loading cell "dff_async_rst_1239" ...
Loading cell "dff_async_rst_1240" ...
Loading cell "dff_async_rst_1241" ...
Loading cell "dff_async_rst_1242" ...
Loading cell "dff_async_rst_1243" ...
Loading cell "dff_async_rst_1244" ...
Loading cell "dff_async_rst_1245" ...
Loading cell "dff_async_rst_1246" ...
Loading cell "dff_async_rst_1247" ...
Loading cell "dff_async_rst_1248" ...
Loading cell "dff_async_rst_1249" ...
Loading cell "dff_async_rst_1250" ...
Loading cell "dff_async_rst_1251" ...
Loading cell "dff_async_rst_1252" ...
Loading cell "dff_async_rst_1253" ...
Loading cell "dff_async_rst_1254" ...
Loading cell "dff_async_rst_1255" ...
Loading cell "dff_async_rst_1256" ...
Loading cell "dff_async_rst_1257" ...
Loading cell "dff_async_rst_1258" ...
Loading cell "prll_d_reg_bits65_18" ...
Loading cell "dff_async_rst_1259" ...
Loading cell "dff_async_rst_1260" ...
Loading cell "dff_async_rst_1261" ...
Loading cell "dff_async_rst_1262" ...
Loading cell "dff_async_rst_1263" ...
Loading cell "dff_async_rst_1264" ...
Loading cell "dff_async_rst_1265" ...
Loading cell "dff_async_rst_1266" ...
Loading cell "dff_async_rst_1267" ...
Loading cell "dff_async_rst_1268" ...
Loading cell "dff_async_rst_1269" ...
Loading cell "dff_async_rst_1270" ...
Loading cell "dff_async_rst_1271" ...
Loading cell "dff_async_rst_1272" ...
Loading cell "dff_async_rst_1273" ...
Loading cell "dff_async_rst_1274" ...
Loading cell "dff_async_rst_1275" ...
Loading cell "dff_async_rst_1276" ...
Loading cell "dff_async_rst_1277" ...
Loading cell "dff_async_rst_1278" ...
Loading cell "dff_async_rst_1279" ...
Loading cell "dff_async_rst_1280" ...
Loading cell "dff_async_rst_1281" ...
Loading cell "dff_async_rst_1282" ...
Loading cell "dff_async_rst_1283" ...
Loading cell "dff_async_rst_1284" ...
Loading cell "dff_async_rst_1285" ...
Loading cell "dff_async_rst_1286" ...
Loading cell "dff_async_rst_1287" ...
Loading cell "dff_async_rst_1288" ...
Loading cell "dff_async_rst_1289" ...
Loading cell "dff_async_rst_1290" ...
Loading cell "dff_async_rst_1291" ...
Loading cell "dff_async_rst_1292" ...
Loading cell "dff_async_rst_1293" ...
Loading cell "dff_async_rst_1294" ...
Loading cell "dff_async_rst_1295" ...
Loading cell "dff_async_rst_1296" ...
Loading cell "dff_async_rst_1297" ...
Loading cell "dff_async_rst_1298" ...
Loading cell "dff_async_rst_1299" ...
Loading cell "dff_async_rst_1300" ...
Loading cell "dff_async_rst_1301" ...
Loading cell "dff_async_rst_1302" ...
Loading cell "dff_async_rst_1303" ...
Loading cell "dff_async_rst_1304" ...
Loading cell "dff_async_rst_1305" ...
Loading cell "dff_async_rst_1306" ...
Loading cell "dff_async_rst_1307" ...
Loading cell "dff_async_rst_1308" ...
Loading cell "dff_async_rst_1309" ...
Loading cell "dff_async_rst_1310" ...
Loading cell "dff_async_rst_1311" ...
Loading cell "dff_async_rst_1312" ...
Loading cell "dff_async_rst_1313" ...
Loading cell "dff_async_rst_1314" ...
Loading cell "dff_async_rst_1315" ...
Loading cell "dff_async_rst_1316" ...
Loading cell "dff_async_rst_1317" ...
Loading cell "dff_async_rst_1318" ...
Loading cell "dff_async_rst_1319" ...
Loading cell "dff_async_rst_1320" ...
Loading cell "dff_async_rst_1321" ...
Loading cell "dff_async_rst_1322" ...
Loading cell "dff_async_rst_1323" ...
Loading cell "prll_d_reg_bits65_19" ...
Loading cell "prll_bs_ntrfs_riscv_3_65_0_7" ...
Loading cell "tec_riscv_bus" ...
Loading cell "latch_entrada" ...
Loading cell "tristategate_251" ...
Loading cell "tristategate_252" ...
Loading cell "tristategate_253" ...
Loading cell "tristategate_254" ...
Loading cell "tristategate_255" ...
Loading cell "tristategate_256" ...
Loading cell "tristategate_257" ...
Loading cell "tristategate_258" ...
Loading cell "tristategate_259" ...
Loading cell "tristategate_260" ...
Loading cell "tristategate_261" ...
Loading cell "tristategate_262" ...
Loading cell "tristategate_263" ...
Loading cell "tristategate_264" ...
Loading cell "tristategate_265" ...
Loading cell "tristategate_266" ...
Loading cell "tristategate_267" ...
Loading cell "tristategate_268" ...
Loading cell "tristategate_269" ...
Loading cell "tristategate_270" ...
Loading cell "tristategate_271" ...
Loading cell "tristategate_272" ...
Loading cell "tristategate_273" ...
Loading cell "tristategate_274" ...
Loading cell "tristategate_275" ...
Loading cell "tristategate_276" ...
Loading cell "tristategate_277" ...
Loading cell "tristategate_278" ...
Loading cell "latch_0" ...
Loading cell "tristategate_0" ...
Loading cell "latch_tri_rst0_Hard_0" ...
Loading cell "latch_1" ...
Loading cell "tristategate_1" ...
Loading cell "latch_tri_rst0_Hard_1" ...
Loading cell "latch_2" ...
Loading cell "tristategate_2" ...
Loading cell "latch_tri_rst0_Hard_2" ...
Loading cell "latch_3" ...
Loading cell "tristategate_3" ...
Loading cell "latch_tri_rst0_Hard_3" ...
Loading cell "latch_4" ...
Loading cell "tristategate_4" ...
Loading cell "latch_tri_rst0_Hard_4" ...
Loading cell "latch_5" ...
Loading cell "tristategate_5" ...
Loading cell "latch_tri_rst0_Hard_5" ...
Loading cell "latch_6" ...
Loading cell "tristategate_6" ...
Loading cell "latch_tri_rst0_Hard_6" ...
Loading cell "latch_7" ...
Loading cell "tristategate_7" ...
Loading cell "latch_tri_rst0_Hard_7" ...
Loading cell "latch_8" ...
Loading cell "tristategate_8" ...
Loading cell "latch_tri_rst0_Hard_8" ...
Loading cell "latch_9" ...
Loading cell "tristategate_9" ...
Loading cell "latch_tri_rst0_Hard_9" ...
Loading cell "latch_10" ...
Loading cell "tristategate_10" ...
Loading cell "latch_tri_rst0_Hard_10" ...
Loading cell "latch_11" ...
Loading cell "tristategate_11" ...
Loading cell "latch_tri_rst0_Hard_11" ...
Loading cell "latch_12" ...
Loading cell "tristategate_12" ...
Loading cell "latch_tri_rst0_Hard_12" ...
Loading cell "latch_13" ...
Loading cell "tristategate_13" ...
Loading cell "latch_tri_rst0_Hard_13" ...
Loading cell "latch_14" ...
Loading cell "tristategate_14" ...
Loading cell "latch_tri_rst0_Hard_14" ...
Loading cell "latch_15" ...
Loading cell "tristategate_15" ...
Loading cell "latch_tri_rst0_Hard_15" ...
Loading cell "latch_16" ...
Loading cell "tristategate_16" ...
Loading cell "latch_tri_rst0_Hard_16" ...
Loading cell "latch_17" ...
Loading cell "tristategate_17" ...
Loading cell "latch_tri_rst0_Hard_17" ...
Loading cell "latch_18" ...
Loading cell "tristategate_18" ...
Loading cell "latch_tri_rst0_Hard_18" ...
Loading cell "latch_19" ...
Loading cell "tristategate_19" ...
Loading cell "latch_tri_rst0_Hard_19" ...
Loading cell "latch_20" ...
Loading cell "tristategate_20" ...
Loading cell "latch_tri_rst0_Hard_20" ...
Loading cell "latch_21" ...
Loading cell "tristategate_21" ...
Loading cell "latch_tri_rst0_Hard_21" ...
Loading cell "latch_22" ...
Loading cell "tristategate_22" ...
Loading cell "latch_tri_rst0_Hard_22" ...
Loading cell "latch_23" ...
Loading cell "tristategate_23" ...
Loading cell "latch_tri_rst0_Hard_23" ...
Loading cell "latch_24" ...
Loading cell "tristategate_24" ...
Loading cell "latch_tri_rst0_Hard_24" ...
Loading cell "latch_25" ...
Loading cell "tristategate_25" ...
Loading cell "latch_tri_rst0_Hard_25" ...
Loading cell "latch_26" ...
Loading cell "tristategate_26" ...
Loading cell "latch_tri_rst0_Hard_26" ...
Loading cell "latch_27" ...
Loading cell "tristategate_27" ...
Loading cell "latch_tri_rst0_Hard_27" ...
Loading cell "latch_28" ...
Loading cell "tristategate_28" ...
Loading cell "latch_tri_rst0_Hard_28" ...
Loading cell "latch_29" ...
Loading cell "tristategate_29" ...
Loading cell "latch_tri_rst0_Hard_29" ...
Loading cell "latch_30" ...
Loading cell "tristategate_30" ...
Loading cell "latch_tri_rst0_Hard_30" ...
Loading cell "latch_31" ...
Loading cell "tristategate_31" ...
Loading cell "latch_tri_rst0_Hard_31" ...
Loading cell "latch_32" ...
Loading cell "tristategate_32" ...
Loading cell "latch_tri_rst0_Hard_32" ...
Loading cell "latch_33" ...
Loading cell "tristategate_33" ...
Loading cell "latch_tri_rst0_Hard_33" ...
Loading cell "latch_34" ...
Loading cell "tristategate_34" ...
Loading cell "latch_tri_rst0_Hard_34" ...
Loading cell "latch_35" ...
Loading cell "tristategate_35" ...
Loading cell "latch_tri_rst0_Hard_35" ...
Loading cell "latch_36" ...
Loading cell "tristategate_36" ...
Loading cell "latch_tri_rst0_Hard_36" ...
Loading cell "latch_37" ...
Loading cell "tristategate_37" ...
Loading cell "latch_tri_rst0_Hard_37" ...
Loading cell "latch_38" ...
Loading cell "tristategate_38" ...
Loading cell "latch_tri_rst0_Hard_38" ...
Loading cell "latch_39" ...
Loading cell "tristategate_39" ...
Loading cell "latch_tri_rst0_Hard_39" ...
Loading cell "latch_40" ...
Loading cell "tristategate_40" ...
Loading cell "latch_tri_rst0_Hard_40" ...
Loading cell "latch_41" ...
Loading cell "tristategate_41" ...
Loading cell "latch_tri_rst0_Hard_41" ...
Loading cell "latch_42" ...
Loading cell "tristategate_42" ...
Loading cell "latch_tri_rst0_Hard_42" ...
Loading cell "latch_43" ...
Loading cell "tristategate_43" ...
Loading cell "latch_tri_rst0_Hard_43" ...
Loading cell "latch_44" ...
Loading cell "tristategate_44" ...
Loading cell "latch_tri_rst0_Hard_44" ...
Loading cell "latch_45" ...
Loading cell "tristategate_45" ...
Loading cell "latch_tri_rst0_Hard_45" ...
Loading cell "latch_46" ...
Loading cell "tristategate_46" ...
Loading cell "latch_tri_rst0_Hard_46" ...
Loading cell "latch_47" ...
Loading cell "tristategate_47" ...
Loading cell "latch_tri_rst0_Hard_47" ...
Loading cell "latch_48" ...
Loading cell "tristategate_48" ...
Loading cell "latch_tri_rst0_Hard_48" ...
Loading cell "latch_49" ...
Loading cell "tristategate_49" ...
Loading cell "latch_tri_rst0_Hard_49" ...
Loading cell "latch_50" ...
Loading cell "tristategate_50" ...
Loading cell "latch_tri_rst0_Hard_50" ...
Loading cell "latch_51" ...
Loading cell "tristategate_51" ...
Loading cell "latch_tri_rst0_Hard_51" ...
Loading cell "latch_52" ...
Loading cell "tristategate_52" ...
Loading cell "latch_tri_rst0_Hard_52" ...
Loading cell "latch_53" ...
Loading cell "tristategate_53" ...
Loading cell "latch_tri_rst0_Hard_53" ...
Loading cell "latch_54" ...
Loading cell "tristategate_54" ...
Loading cell "latch_tri_rst0_Hard_54" ...
Loading cell "latch_55" ...
Loading cell "tristategate_55" ...
Loading cell "latch_tri_rst0_Hard_55" ...
Loading cell "latch_56" ...
Loading cell "tristategate_56" ...
Loading cell "latch_tri_rst0_Hard_56" ...
Loading cell "latch_57" ...
Loading cell "tristategate_57" ...
Loading cell "latch_tri_rst0_Hard_57" ...
Loading cell "latch_58" ...
Loading cell "tristategate_58" ...
Loading cell "latch_tri_rst0_Hard_58" ...
Loading cell "latch_59" ...
Loading cell "tristategate_59" ...
Loading cell "latch_tri_rst0_Hard_59" ...
Loading cell "latch_60" ...
Loading cell "tristategate_60" ...
Loading cell "latch_tri_rst0_Hard_60" ...
Loading cell "latch_61" ...
Loading cell "tristategate_61" ...
Loading cell "latch_tri_rst0_Hard_61" ...
Loading cell "latch_62" ...
Loading cell "tristategate_62" ...
Loading cell "latch_tri_rst0_Hard_62" ...
Loading cell "latch_63" ...
Loading cell "tristategate_63" ...
Loading cell "latch_tri_rst0_Hard_63" ...
Loading cell "latch_64" ...
Loading cell "tristategate_64" ...
Loading cell "latch_tri_rst0_Hard_64" ...
Loading cell "latch_65" ...
Loading cell "tristategate_65" ...
Loading cell "latch_tri_rst0_Hard_65" ...
Loading cell "latch_66" ...
Loading cell "tristategate_66" ...
Loading cell "latch_tri_rst0_Hard_66" ...
Loading cell "latch_67" ...
Loading cell "tristategate_67" ...
Loading cell "latch_tri_rst0_Hard_67" ...
Loading cell "tristategate_279" ...
Loading cell "tristategate_280" ...
Loading cell "tristategate_281" ...
Loading cell "tristategate_282" ...
Loading cell "tristategate_283" ...
Loading cell "tristategate_284" ...
Loading cell "tristategate_285" ...
Loading cell "tristategate_286" ...
Loading cell "tristategate_287" ...
Loading cell "tristategate_288" ...
Loading cell "tristategate_289" ...
Loading cell "tristategate_290" ...
Loading cell "tristategate_291" ...
Loading cell "tristategate_292" ...
Loading cell "tristategate_293" ...
Loading cell "tristategate_294" ...
Loading cell "tristategate_295" ...
Loading cell "tristategate_296" ...
Loading cell "tristategate_297" ...
Loading cell "tristategate_298" ...
Loading cell "tristategate_299" ...
Loading cell "tristategate_300" ...
Loading cell "tristategate_301" ...
Loading cell "tristategate_302" ...
Loading cell "latch_68" ...
Loading cell "tristategate_68" ...
Loading cell "latch_tri_rst0_Hard_68" ...
Loading cell "latch_69" ...
Loading cell "tristategate_69" ...
Loading cell "latch_tri_rst0_Hard_69" ...
Loading cell "latch_70" ...
Loading cell "tristategate_70" ...
Loading cell "latch_tri_rst0_Hard_70" ...
Loading cell "latch_71" ...
Loading cell "tristategate_71" ...
Loading cell "latch_tri_rst0_Hard_71" ...
Loading cell "latch_72" ...
Loading cell "tristategate_72" ...
Loading cell "latch_tri_rst0_Hard_72" ...
Loading cell "latch_73" ...
Loading cell "tristategate_73" ...
Loading cell "latch_tri_rst0_Hard_73" ...
Loading cell "latch_74" ...
Loading cell "tristategate_74" ...
Loading cell "latch_tri_rst0_Hard_74" ...
Loading cell "latch_75" ...
Loading cell "tristategate_75" ...
Loading cell "latch_tri_rst0_Hard_75" ...
Loading cell "tristategate_303" ...
Loading cell "tristategate_304" ...
Loading cell "tristategate_305" ...
Loading cell "tristategate_306" ...
Loading cell "tristategate_307" ...
Loading cell "tristategate_308" ...
Loading cell "tristategate_309" ...
Loading cell "tristategate_310" ...
Loading cell "tristategate_311" ...
Loading cell "tristategate_312" ...
Loading cell "tristategate_313" ...
Loading cell "tristategate_314" ...
Loading cell "tristategate_315" ...
Loading cell "tristategate_316" ...
Loading cell "tristategate_317" ...
Loading cell "tristategate_318" ...
Loading cell "tristategate_319" ...
Loading cell "tristategate_320" ...
Loading cell "tristategate_321" ...
Loading cell "tristategate_322" ...
Loading cell "tristategate_323" ...
Loading cell "tristategate_324" ...
Loading cell "tristategate_325" ...
Loading cell "tristategate_326" ...
Loading cell "tristategate_327" ...
Loading cell "tristategate_328" ...
Loading cell "tristategate_329" ...
Loading cell "tristategate_330" ...
Loading cell "tristategate_331" ...
Loading cell "tristategate_332" ...
Loading cell "tristategate_333" ...
Loading cell "tristategate_334" ...
Loading cell "latch_76" ...
Loading cell "tristategate_76" ...
Loading cell "latch_tri_rst0_Hard_76" ...
Loading cell "latch_77" ...
Loading cell "tristategate_77" ...
Loading cell "latch_tri_rst0_Hard_77" ...
Loading cell "latch_78" ...
Loading cell "tristategate_78" ...
Loading cell "latch_tri_rst0_Hard_78" ...
Loading cell "latch_79" ...
Loading cell "tristategate_79" ...
Loading cell "latch_tri_rst0_Hard_79" ...
Loading cell "latch_80" ...
Loading cell "tristategate_80" ...
Loading cell "latch_tri_rst0_Hard_80" ...
Loading cell "latch_81" ...
Loading cell "tristategate_81" ...
Loading cell "latch_tri_rst0_Hard_81" ...
Loading cell "latch_82" ...
Loading cell "tristategate_82" ...
Loading cell "latch_tri_rst0_Hard_82" ...
Loading cell "latch_83" ...
Loading cell "tristategate_83" ...
Loading cell "latch_tri_rst0_Hard_83" ...
Loading cell "latch_84" ...
Loading cell "tristategate_84" ...
Loading cell "latch_tri_rst0_Hard_84" ...
Loading cell "latch_85" ...
Loading cell "tristategate_85" ...
Loading cell "latch_tri_rst0_Hard_85" ...
Loading cell "latch_86" ...
Loading cell "tristategate_86" ...
Loading cell "latch_tri_rst0_Hard_86" ...
Loading cell "latch_87" ...
Loading cell "tristategate_87" ...
Loading cell "latch_tri_rst0_Hard_87" ...
Loading cell "latch_88" ...
Loading cell "tristategate_88" ...
Loading cell "latch_tri_rst0_Hard_88" ...
Loading cell "latch_89" ...
Loading cell "tristategate_89" ...
Loading cell "latch_tri_rst0_Hard_89" ...
Loading cell "latch_90" ...
Loading cell "tristategate_90" ...
Loading cell "latch_tri_rst0_Hard_90" ...
Loading cell "latch_91" ...
Loading cell "tristategate_91" ...
Loading cell "latch_tri_rst0_Hard_91" ...
Loading cell "latch_92" ...
Loading cell "tristategate_92" ...
Loading cell "latch_tri_rst0_Hard_92" ...
Loading cell "latch_93" ...
Loading cell "tristategate_93" ...
Loading cell "latch_tri_rst0_Hard_93" ...
Loading cell "latch_94" ...
Loading cell "tristategate_94" ...
Loading cell "latch_tri_rst0_Hard_94" ...
Loading cell "latch_95" ...
Loading cell "tristategate_95" ...
Loading cell "latch_tri_rst0_Hard_95" ...
Loading cell "latch_96" ...
Loading cell "tristategate_96" ...
Loading cell "latch_tri_rst0_Hard_96" ...
Loading cell "latch_97" ...
Loading cell "tristategate_97" ...
Loading cell "latch_tri_rst0_Hard_97" ...
Loading cell "latch_98" ...
Loading cell "tristategate_98" ...
Loading cell "latch_tri_rst0_Hard_98" ...
Loading cell "latch_99" ...
Loading cell "tristategate_99" ...
Loading cell "latch_tri_rst0_Hard_99" ...
Loading cell "latch_100" ...
Loading cell "tristategate_100" ...
Loading cell "latch_tri_rst0_Hard_100" ...
Loading cell "latch_101" ...
Loading cell "tristategate_101" ...
Loading cell "latch_tri_rst0_Hard_101" ...
Loading cell "latch_102" ...
Loading cell "tristategate_102" ...
Loading cell "latch_tri_rst0_Hard_102" ...
Loading cell "latch_103" ...
Loading cell "tristategate_103" ...
Loading cell "latch_tri_rst0_Hard_103" ...
Loading cell "latch_104" ...
Loading cell "tristategate_104" ...
Loading cell "latch_tri_rst0_Hard_104" ...
Loading cell "latch_105" ...
Loading cell "tristategate_105" ...
Loading cell "latch_tri_rst0_Hard_105" ...
Loading cell "latch_106" ...
Loading cell "tristategate_106" ...
Loading cell "latch_tri_rst0_Hard_106" ...
Loading cell "latch_107" ...
Loading cell "tristategate_107" ...
Loading cell "latch_tri_rst0_Hard_107" ...
Loading cell "latch_108" ...
Loading cell "tristategate_108" ...
Loading cell "latch_tri_estado_0" ...
Loading cell "latch_109" ...
Loading cell "tristategate_109" ...
Loading cell "latch_tri_estado_1" ...
Loading cell "latch_110" ...
Loading cell "tristategate_110" ...
Loading cell "latch_tri_estado_2" ...
Loading cell "latch_111" ...
Loading cell "tristategate_111" ...
Loading cell "latch_tri_estado_3" ...
Loading cell "latch_112" ...
Loading cell "tristategate_112" ...
Loading cell "latch_tri_estado_4" ...
Loading cell "latch_113" ...
Loading cell "tristategate_113" ...
Loading cell "latch_tri_estado_5" ...
Loading cell "latch_114" ...
Loading cell "tristategate_114" ...
Loading cell "latch_tri_estado_6" ...
Loading cell "latch_115" ...
Loading cell "tristategate_115" ...
Loading cell "latch_tri_estado_7" ...
Loading cell "latch_116" ...
Loading cell "tristategate_116" ...
Loading cell "latch_tri_estado_8" ...
Loading cell "latch_117" ...
Loading cell "tristategate_117" ...
Loading cell "latch_tri_estado_9" ...
Loading cell "latch_118" ...
Loading cell "tristategate_118" ...
Loading cell "latch_tri_estado_10" ...
Loading cell "latch_119" ...
Loading cell "tristategate_119" ...
Loading cell "latch_tri_estado_11" ...
Loading cell "latch_120" ...
Loading cell "tristategate_120" ...
Loading cell "latch_tri_estado_12" ...
Loading cell "latch_121" ...
Loading cell "tristategate_121" ...
Loading cell "latch_tri_estado_13" ...
Loading cell "latch_122" ...
Loading cell "tristategate_122" ...
Loading cell "latch_tri_estado_14" ...
Loading cell "latch_123" ...
Loading cell "tristategate_123" ...
Loading cell "latch_tri_estado_15" ...
Loading cell "latch_124" ...
Loading cell "tristategate_124" ...
Loading cell "latch_tri_estado_16" ...
Loading cell "latch_125" ...
Loading cell "tristategate_125" ...
Loading cell "latch_tri_estado_17" ...
Loading cell "latch_126" ...
Loading cell "tristategate_126" ...
Loading cell "latch_tri_estado_18" ...
Loading cell "latch_127" ...
Loading cell "tristategate_127" ...
Loading cell "latch_tri_estado_19" ...
Loading cell "latch_128" ...
Loading cell "tristategate_128" ...
Loading cell "latch_tri_estado_20" ...
Loading cell "latch_129" ...
Loading cell "tristategate_129" ...
Loading cell "latch_tri_estado_21" ...
Loading cell "latch_130" ...
Loading cell "tristategate_130" ...
Loading cell "latch_tri_estado_22" ...
Loading cell "latch_131" ...
Loading cell "tristategate_131" ...
Loading cell "latch_tri_estado_23" ...
Loading cell "latch_132" ...
Loading cell "tristategate_132" ...
Loading cell "latch_tri_estado_24" ...
Loading cell "latch_133" ...
Loading cell "tristategate_133" ...
Loading cell "latch_tri_estado_25" ...
Loading cell "latch_134" ...
Loading cell "tristategate_134" ...
Loading cell "latch_tri_estado_26" ...
Loading cell "latch_135" ...
Loading cell "tristategate_135" ...
Loading cell "latch_tri_estado_27" ...
Loading cell "latch_136" ...
Loading cell "tristategate_136" ...
Loading cell "latch_tri_estado_28" ...
Loading cell "latch_137" ...
Loading cell "tristategate_137" ...
Loading cell "latch_tri_estado_29" ...
Loading cell "tristategate_335" ...
Loading cell "tristategate_336" ...
Loading cell "tristategate_337" ...
Loading cell "tristategate_338" ...
Loading cell "tristategate_339" ...
Loading cell "tristategate_340" ...
Loading cell "tristategate_341" ...
Loading cell "tristategate_342" ...
Loading cell "tristategate_343" ...
Loading cell "tristategate_344" ...
Loading cell "tristategate_345" ...
Loading cell "tristategate_346" ...
Loading cell "tristategate_347" ...
Loading cell "tristategate_348" ...
Loading cell "tristategate_349" ...
Loading cell "tristategate_350" ...
Loading cell "tristategate_351" ...
Loading cell "tristategate_352" ...
Loading cell "tristategate_353" ...
Loading cell "tristategate_354" ...
Loading cell "tristategate_355" ...
Loading cell "tristategate_356" ...
Loading cell "tristategate_357" ...
Loading cell "tristategate_358" ...
Loading cell "tristategate_359" ...
Loading cell "tristategate_360" ...
Loading cell "latch_138" ...
Loading cell "tristategate_138" ...
Loading cell "latch_tri_rst0_Hard_108" ...
Loading cell "latch_139" ...
Loading cell "tristategate_139" ...
Loading cell "latch_tri_rst0_Hard_109" ...
Loading cell "latch_140" ...
Loading cell "tristategate_140" ...
Loading cell "latch_tri_rst0_Hard_110" ...
Loading cell "latch_141" ...
Loading cell "tristategate_141" ...
Loading cell "latch_tri_rst0_Hard_111" ...
Loading cell "latch_142" ...
Loading cell "tristategate_142" ...
Loading cell "latch_tri_rst0_Hard_112" ...
Loading cell "latch_143" ...
Loading cell "tristategate_143" ...
Loading cell "latch_tri_rst0_Hard_113" ...
Loading cell "latch_144" ...
Loading cell "tristategate_144" ...
Loading cell "latch_tri_rst0_Hard_114" ...
Loading cell "latch_145" ...
Loading cell "tristategate_145" ...
Loading cell "latch_tri_rst0_Hard_115" ...
Loading cell "latch_146" ...
Loading cell "tristategate_146" ...
Loading cell "latch_tri_estado_30" ...
Loading cell "latch_147" ...
Loading cell "tristategate_147" ...
Loading cell "latch_tri_estado_31" ...
Loading cell "latch_148" ...
Loading cell "tristategate_148" ...
Loading cell "latch_tri_estado_32" ...
Loading cell "latch_149" ...
Loading cell "tristategate_149" ...
Loading cell "latch_tri_estado_33" ...
Loading cell "latch_150" ...
Loading cell "tristategate_150" ...
Loading cell "latch_tri_estado_34" ...
Loading cell "latch_151" ...
Loading cell "tristategate_151" ...
Loading cell "latch_tri_estado_35" ...
Loading cell "latch_152" ...
Loading cell "tristategate_152" ...
Loading cell "latch_tri_estado_36" ...
Loading cell "latch_153" ...
Loading cell "tristategate_153" ...
Loading cell "latch_tri_estado_37" ...
Loading cell "latch_154" ...
Loading cell "tristategate_154" ...
Loading cell "latch_tri_estado_38" ...
Loading cell "latch_155" ...
Loading cell "tristategate_155" ...
Loading cell "latch_tri_estado_39" ...
Loading cell "latch_156" ...
Loading cell "tristategate_156" ...
Loading cell "latch_tri_estado_40" ...
Loading cell "latch_157" ...
Loading cell "tristategate_157" ...
Loading cell "latch_tri_estado_41" ...
Loading cell "latch_158" ...
Loading cell "tristategate_158" ...
Loading cell "latch_tri_estado_42" ...
Loading cell "latch_159" ...
Loading cell "tristategate_159" ...
Loading cell "latch_tri_estado_43" ...
Loading cell "latch_160" ...
Loading cell "tristategate_160" ...
Loading cell "latch_tri_estado_44" ...
Loading cell "latch_161" ...
Loading cell "tristategate_161" ...
Loading cell "latch_tri_estado_45" ...
Loading cell "latch_162" ...
Loading cell "tristategate_162" ...
Loading cell "latch_tri_estado_46" ...
Loading cell "latch_163" ...
Loading cell "tristategate_163" ...
Loading cell "latch_tri_estado_47" ...
Loading cell "latch_164" ...
Loading cell "tristategate_164" ...
Loading cell "latch_tri_estado_48" ...
Loading cell "latch_165" ...
Loading cell "tristategate_165" ...
Loading cell "latch_tri_estado_49" ...
Loading cell "latch_166" ...
Loading cell "tristategate_166" ...
Loading cell "latch_tri_estado_50" ...
Loading cell "latch_167" ...
Loading cell "tristategate_167" ...
Loading cell "latch_tri_estado_51" ...
Loading cell "latch_168" ...
Loading cell "tristategate_168" ...
Loading cell "latch_tri_estado_52" ...
Loading cell "latch_169" ...
Loading cell "tristategate_169" ...
Loading cell "latch_tri_estado_53" ...
Loading cell "latch_170" ...
Loading cell "tristategate_170" ...
Loading cell "latch_tri_estado_54" ...
Loading cell "latch_171" ...
Loading cell "tristategate_171" ...
Loading cell "latch_tri_estado_55" ...
Loading cell "latch_172" ...
Loading cell "tristategate_172" ...
Loading cell "latch_tri_estado_56" ...
Loading cell "latch_173" ...
Loading cell "tristategate_173" ...
Loading cell "latch_tri_estado_57" ...
Loading cell "latch_174" ...
Loading cell "tristategate_174" ...
Loading cell "latch_tri_estado_58" ...
Loading cell "latch_175" ...
Loading cell "tristategate_175" ...
Loading cell "latch_tri_estado_59" ...
Loading cell "latch_176" ...
Loading cell "tristategate_176" ...
Loading cell "latch_tri_estado_60" ...
Loading cell "latch_177" ...
Loading cell "tristategate_177" ...
Loading cell "latch_tri_estado_61" ...
Loading cell "latch_178" ...
Loading cell "tristategate_178" ...
Loading cell "latch_tri_estado_62" ...
Loading cell "latch_179" ...
Loading cell "tristategate_179" ...
Loading cell "latch_tri_estado_63" ...
Loading cell "latch_180" ...
Loading cell "tristategate_180" ...
Loading cell "latch_tri_estado_64" ...
Loading cell "latch_181" ...
Loading cell "tristategate_181" ...
Loading cell "latch_tri_estado_65" ...
Loading cell "latch_182" ...
Loading cell "tristategate_182" ...
Loading cell "latch_tri_estado_66" ...
Loading cell "latch_183" ...
Loading cell "tristategate_183" ...
Loading cell "latch_tri_estado_67" ...
Loading cell "latch_184" ...
Loading cell "tristategate_184" ...
Loading cell "latch_tri_estado_68" ...
Loading cell "latch_185" ...
Loading cell "tristategate_185" ...
Loading cell "latch_tri_estado_69" ...
Loading cell "latch_186" ...
Loading cell "tristategate_186" ...
Loading cell "latch_tri_estado_70" ...
Loading cell "latch_187" ...
Loading cell "tristategate_187" ...
Loading cell "latch_tri_estado_71" ...
Loading cell "latch_188" ...
Loading cell "tristategate_188" ...
Loading cell "latch_tri_estado_72" ...
Loading cell "latch_189" ...
Loading cell "tristategate_189" ...
Loading cell "latch_tri_estado_73" ...
Loading cell "latch_190" ...
Loading cell "tristategate_190" ...
Loading cell "latch_tri_estado_74" ...
Loading cell "latch_191" ...
Loading cell "tristategate_191" ...
Loading cell "latch_tri_estado_75" ...
Loading cell "latch_192" ...
Loading cell "tristategate_192" ...
Loading cell "latch_tri_estado_76" ...
Loading cell "latch_193" ...
Loading cell "tristategate_193" ...
Loading cell "latch_tri_estado_77" ...
Loading cell "latch_194" ...
Loading cell "tristategate_194" ...
Loading cell "latch_tri_estado_78" ...
Loading cell "latch_195" ...
Loading cell "tristategate_195" ...
Loading cell "latch_tri_estado_79" ...
Loading cell "latch_196" ...
Loading cell "tristategate_196" ...
Loading cell "latch_tri_estado_80" ...
Loading cell "latch_197" ...
Loading cell "tristategate_197" ...
Loading cell "latch_tri_estado_81" ...
Loading cell "latch_198" ...
Loading cell "tristategate_198" ...
Loading cell "latch_tri_estado_82" ...
Loading cell "latch_199" ...
Loading cell "tristategate_199" ...
Loading cell "latch_tri_estado_83" ...
Loading cell "latch_200" ...
Loading cell "tristategate_200" ...
Loading cell "latch_tri_estado_84" ...
Loading cell "latch_201" ...
Loading cell "tristategate_201" ...
Loading cell "latch_tri_estado_85" ...
Loading cell "latch_202" ...
Loading cell "tristategate_202" ...
Loading cell "latch_tri_estado_86" ...
Loading cell "latch_203" ...
Loading cell "tristategate_203" ...
Loading cell "latch_tri_estado_87" ...
Loading cell "latch_204" ...
Loading cell "tristategate_204" ...
Loading cell "latch_tri_estado_88" ...
Loading cell "latch_205" ...
Loading cell "tristategate_205" ...
Loading cell "latch_tri_estado_89" ...
Loading cell "latch_206" ...
Loading cell "tristategate_206" ...
Loading cell "latch_tri_estado_90" ...
Loading cell "latch_207" ...
Loading cell "tristategate_207" ...
Loading cell "latch_tri_estado_91" ...
Loading cell "latch_208" ...
Loading cell "tristategate_208" ...
Loading cell "latch_tri_estado_92" ...
Loading cell "latch_209" ...
Loading cell "tristategate_209" ...
Loading cell "latch_tri_estado_93" ...
Loading cell "latch_210" ...
Loading cell "tristategate_210" ...
Loading cell "latch_tri_estado_94" ...
Loading cell "latch_211" ...
Loading cell "tristategate_211" ...
Loading cell "latch_tri_estado_95" ...
Loading cell "latch_212" ...
Loading cell "tristategate_212" ...
Loading cell "latch_tri_estado_96" ...
Loading cell "latch_213" ...
Loading cell "tristategate_213" ...
Loading cell "latch_tri_estado_97" ...
Loading cell "latch_214" ...
Loading cell "tristategate_214" ...
Loading cell "latch_tri_estado_98" ...
Loading cell "latch_215" ...
Loading cell "tristategate_215" ...
Loading cell "latch_tri_estado_99" ...
Loading cell "latch_216" ...
Loading cell "tristategate_216" ...
Loading cell "latch_tri_estado_100" ...
Loading cell "latch_217" ...
Loading cell "tristategate_217" ...
Loading cell "latch_tri_estado_101" ...
Loading cell "latch_218" ...
Loading cell "tristategate_218" ...
Loading cell "latch_tri_estado_102" ...
Loading cell "latch_219" ...
Loading cell "tristategate_219" ...
Loading cell "latch_tri_estado_103" ...
Loading cell "latch_220" ...
Loading cell "tristategate_220" ...
Loading cell "latch_tri_estado_104" ...
Loading cell "latch_221" ...
Loading cell "tristategate_221" ...
Loading cell "latch_tri_estado_105" ...
Loading cell "latch_222" ...
Loading cell "tristategate_222" ...
Loading cell "latch_tri_estado_106" ...
Loading cell "latch_223" ...
Loading cell "tristategate_223" ...
Loading cell "latch_tri_estado_107" ...
Loading cell "latch_224" ...
Loading cell "tristategate_224" ...
Loading cell "latch_tri_estado_108" ...
Loading cell "latch_225" ...
Loading cell "tristategate_225" ...
Loading cell "latch_tri_estado_109" ...
Loading cell "latch_226" ...
Loading cell "tristategate_226" ...
Loading cell "latch_tri_estado_110" ...
Loading cell "latch_227" ...
Loading cell "tristategate_227" ...
Loading cell "latch_tri_estado_111" ...
Loading cell "latch_228" ...
Loading cell "tristategate_228" ...
Loading cell "latch_tri_estado_112" ...
Loading cell "latch_229" ...
Loading cell "tristategate_229" ...
Loading cell "latch_tri_estado_113" ...
Loading cell "latch_230" ...
Loading cell "tristategate_230" ...
Loading cell "latch_tri_estado_114" ...
Loading cell "latch_231" ...
Loading cell "tristategate_231" ...
Loading cell "latch_tri_estado_115" ...
Loading cell "latch_232" ...
Loading cell "tristategate_232" ...
Loading cell "latch_tri_estado_116" ...
Loading cell "latch_233" ...
Loading cell "tristategate_233" ...
Loading cell "latch_tri_estado_117" ...
Loading cell "latch_234" ...
Loading cell "tristategate_234" ...
Loading cell "latch_tri_estado_118" ...
Loading cell "latch_235" ...
Loading cell "tristategate_235" ...
Loading cell "latch_tri_estado_119" ...
Loading cell "latch_236" ...
Loading cell "tristategate_236" ...
Loading cell "latch_tri_estado_120" ...
Loading cell "latch_237" ...
Loading cell "tristategate_237" ...
Loading cell "latch_tri_estado_121" ...
Loading cell "latch_238" ...
Loading cell "tristategate_238" ...
Loading cell "latch_tri_estado_122" ...
Loading cell "latch_239" ...
Loading cell "tristategate_239" ...
Loading cell "latch_tri_estado_123" ...
Loading cell "tristategate_361" ...
Loading cell "tristategate_362" ...
Loading cell "tristategate_363" ...
Loading cell "tristategate_364" ...
Loading cell "tristategate_365" ...
Loading cell "tristategate_366" ...
Loading cell "tristategate_367" ...
Loading cell "tristategate_368" ...
Loading cell "tristategate_369" ...
Loading cell "tristategate_370" ...
Loading cell "tristategate_371" ...
Loading cell "tristategate_372" ...
Loading cell "tristategate_373" ...
Loading cell "tristategate_374" ...
Loading cell "tristategate_375" ...
Loading cell "tristategate_376" ...
Loading cell "tristategate_377" ...
Loading cell "tristategate_378" ...
Loading cell "latch_240" ...
Loading cell "tristategate_240" ...
Loading cell "latch_tri_rst0_Hard_116" ...
Loading cell "latch_241" ...
Loading cell "tristategate_241" ...
Loading cell "latch_tri_rst0_Hard_117" ...
Loading cell "latch_242" ...
Loading cell "tristategate_242" ...
Loading cell "latch_tri_rst0_Hard_118" ...
Loading cell "latch_243" ...
Loading cell "tristategate_243" ...
Loading cell "latch_tri_rst0_Hard_119" ...
Loading cell "latch_244" ...
Loading cell "tristategate_244" ...
Loading cell "latch_tri_rst0_Hard_120" ...
Loading cell "latch_245" ...
Loading cell "tristategate_245" ...
Loading cell "latch_tri_rst0_Hard_121" ...
Loading cell "latch_246" ...
Loading cell "tristategate_246" ...
Loading cell "latch_tri_rst0_Hard_122" ...
Loading cell "latch_247" ...
Loading cell "tristategate_247" ...
Loading cell "latch_tri_rst0_Hard_123" ...
Loading cell "tristategate_379" ...
Loading cell "tristategate_380" ...
Loading cell "tristategate_381" ...
Loading cell "latch_248" ...
Loading cell "tristategate_248" ...
Loading cell "latch_tri_rst0_Hard_124" ...
Loading cell "tristategate_382" ...
Loading cell "tristategate_383" ...
Loading cell "latch_249" ...
Loading cell "tristategate_249" ...
Loading cell "latch_tri_rst0_Hard_125" ...
Loading cell "latch_250" ...
Loading cell "tristategate_250" ...
Loading cell "latch_tri_rst0_Hard_126" ...
Loading cell "Decodificador_width12" ...
Loading cell "csr_file_width32_number_reg12" ...
Loading cell "tristategate_384" ...
Loading cell "tristategate_385" ...
Loading cell "tristategate_386" ...
Loading cell "tristategate_387" ...
Loading cell "tristategate_388" ...
Loading cell "tristategate_389" ...
Loading cell "tristategate_390" ...
Loading cell "tristategate_391" ...
Loading cell "tristategate_392" ...
Loading cell "tristategate_393" ...
Loading cell "tristategate_394" ...
Loading cell "tristategate_395" ...
Loading cell "tristategate_396" ...
Loading cell "tristategate_397" ...
Loading cell "tristategate_398" ...
Loading cell "tristategate_399" ...
Loading cell "tristategate_400" ...
Loading cell "tristategate_401" ...
Loading cell "tristategate_402" ...
Loading cell "tristategate_403" ...
Loading cell "tristategate_404" ...
Loading cell "tristategate_405" ...
Loading cell "tristategate_406" ...
Loading cell "tristategate_407" ...
Loading cell "tristategate_408" ...
Loading cell "tristategate_409" ...
Loading cell "tristategate_410" ...
Loading cell "tristategate_411" ...
Loading cell "tristategate_412" ...
Loading cell "tristategate_413" ...
Loading cell "tristategate_414" ...
Loading cell "tristategate_415" ...
Loading cell "tristategate_416" ...
Loading cell "tristategate_417" ...
Loading cell "tristategate_418" ...
Loading cell "tristategate_419" ...
Loading cell "tristategate_420" ...
Loading cell "tristategate_421" ...
Loading cell "tristategate_422" ...
Loading cell "tristategate_423" ...
Loading cell "tristategate_424" ...
Loading cell "tristategate_425" ...
Loading cell "tristategate_426" ...
Loading cell "tristategate_427" ...
Loading cell "tristategate_428" ...
Loading cell "tristategate_429" ...
Loading cell "tristategate_430" ...
Loading cell "tristategate_431" ...
Loading cell "tristategate_432" ...
Loading cell "tristategate_433" ...
Loading cell "tristategate_434" ...
Loading cell "tristategate_435" ...
Loading cell "tristategate_436" ...
Loading cell "tristategate_437" ...
Loading cell "tristategate_438" ...
Loading cell "tristategate_439" ...
Loading cell "tristategate_440" ...
Loading cell "tristategate_441" ...
Loading cell "tristategate_442" ...
Loading cell "tristategate_443" ...
Loading cell "tristategate_444" ...
Loading cell "tristategate_445" ...
Loading cell "tristategate_446" ...
Loading cell "tristategate_447" ...
Loading cell "latchtriestado_0" ...
Loading cell "latchtriestado_1" ...
Loading cell "latchtriestado_2" ...
Loading cell "latchtriestado_3" ...
Loading cell "latchtriestado_4" ...
Loading cell "latchtriestado_5" ...
Loading cell "latchtriestado_6" ...
Loading cell "latchtriestado_7" ...
Loading cell "latchtriestado_8" ...
Loading cell "latchtriestado_9" ...
Loading cell "latchtriestado_10" ...
Loading cell "latchtriestado_11" ...
Loading cell "latchtriestado_12" ...
Loading cell "latchtriestado_13" ...
Loading cell "latchtriestado_14" ...
Loading cell "latchtriestado_15" ...
Loading cell "latchtriestado_16" ...
Loading cell "latchtriestado_17" ...
Loading cell "latchtriestado_18" ...
Loading cell "latchtriestado_19" ...
Loading cell "latchtriestado_20" ...
Loading cell "latchtriestado_21" ...
Loading cell "latchtriestado_22" ...
Loading cell "latchtriestado_23" ...
Loading cell "latchtriestado_24" ...
Loading cell "latchtriestado_25" ...
Loading cell "latchtriestado_26" ...
Loading cell "latchtriestado_27" ...
Loading cell "latchtriestado_28" ...
Loading cell "latchtriestado_29" ...
Loading cell "latchtriestado_30" ...
Loading cell "latchtriestado_31" ...
Loading cell "latchtriestado_32" ...
Loading cell "latchtriestado_33" ...
Loading cell "latchtriestado_34" ...
Loading cell "latchtriestado_35" ...
Loading cell "latchtriestado_36" ...
Loading cell "latchtriestado_37" ...
Loading cell "latchtriestado_38" ...
Loading cell "latchtriestado_39" ...
Loading cell "latchtriestado_40" ...
Loading cell "latchtriestado_41" ...
Loading cell "latchtriestado_42" ...
Loading cell "latchtriestado_43" ...
Loading cell "latchtriestado_44" ...
Loading cell "latchtriestado_45" ...
Loading cell "latchtriestado_46" ...
Loading cell "latchtriestado_47" ...
Loading cell "latchtriestado_48" ...
Loading cell "latchtriestado_49" ...
Loading cell "latchtriestado_50" ...
Loading cell "latchtriestado_51" ...
Loading cell "latchtriestado_52" ...
Loading cell "latchtriestado_53" ...
Loading cell "latchtriestado_54" ...
Loading cell "latchtriestado_55" ...
Loading cell "latchtriestado_56" ...
Loading cell "latchtriestado_57" ...
Loading cell "latchtriestado_58" ...
Loading cell "latchtriestado_59" ...
Loading cell "latchtriestado_60" ...
Loading cell "latchtriestado_61" ...
Loading cell "latchtriestado_62" ...
Loading cell "latchtriestado_63" ...
Loading cell "latchtriestado_64" ...
Loading cell "latchtriestado_65" ...
Loading cell "latchtriestado_66" ...
Loading cell "latchtriestado_67" ...
Loading cell "latchtriestado_68" ...
Loading cell "latchtriestado_69" ...
Loading cell "latchtriestado_70" ...
Loading cell "latchtriestado_71" ...
Loading cell "latchtriestado_72" ...
Loading cell "latchtriestado_73" ...
Loading cell "latchtriestado_74" ...
Loading cell "latchtriestado_75" ...
Loading cell "latchtriestado_76" ...
Loading cell "latchtriestado_77" ...
Loading cell "latchtriestado_78" ...
Loading cell "latchtriestado_79" ...
Loading cell "latchtriestado_80" ...
Loading cell "latchtriestado_81" ...
Loading cell "latchtriestado_82" ...
Loading cell "latchtriestado_83" ...
Loading cell "latchtriestado_84" ...
Loading cell "latchtriestado_85" ...
Loading cell "latchtriestado_86" ...
Loading cell "latchtriestado_87" ...
Loading cell "latchtriestado_88" ...
Loading cell "latchtriestado_89" ...
Loading cell "latchtriestado_90" ...
Loading cell "latchtriestado_91" ...
Loading cell "latchtriestado_92" ...
Loading cell "latchtriestado_93" ...
Loading cell "latchtriestado_94" ...
Loading cell "latchtriestado_95" ...
Loading cell "latchtriestado_96" ...
Loading cell "latchtriestado_97" ...
Loading cell "latchtriestado_98" ...
Loading cell "latchtriestado_99" ...
Loading cell "latchtriestado_100" ...
Loading cell "latchtriestado_101" ...
Loading cell "latchtriestado_102" ...
Loading cell "latchtriestado_103" ...
Loading cell "latchtriestado_104" ...
Loading cell "latchtriestado_105" ...
Loading cell "latchtriestado_106" ...
Loading cell "latchtriestado_107" ...
Loading cell "latchtriestado_108" ...
Loading cell "latchtriestado_109" ...
Loading cell "latchtriestado_110" ...
Loading cell "latchtriestado_111" ...
Loading cell "latchtriestado_112" ...
Loading cell "latchtriestado_113" ...
Loading cell "latchtriestado_114" ...
Loading cell "latchtriestado_115" ...
Loading cell "latchtriestado_116" ...
Loading cell "latchtriestado_117" ...
Loading cell "latchtriestado_118" ...
Loading cell "latchtriestado_119" ...
Loading cell "latchtriestado_120" ...
Loading cell "latchtriestado_121" ...
Loading cell "latchtriestado_122" ...
Loading cell "latchtriestado_123" ...
Loading cell "latchtriestado_124" ...
Loading cell "latchtriestado_125" ...
Loading cell "latchtriestado_126" ...
Loading cell "latchtriestado_127" ...
Loading cell "latchtriestado_128" ...
Loading cell "latchtriestado_129" ...
Loading cell "latchtriestado_130" ...
Loading cell "latchtriestado_131" ...
Loading cell "latchtriestado_132" ...
Loading cell "latchtriestado_133" ...
Loading cell "latchtriestado_134" ...
Loading cell "latchtriestado_135" ...
Loading cell "latchtriestado_136" ...
Loading cell "latchtriestado_137" ...
Loading cell "latchtriestado_138" ...
Loading cell "latchtriestado_139" ...
Loading cell "latchtriestado_140" ...
Loading cell "latchtriestado_141" ...
Loading cell "latchtriestado_142" ...
Loading cell "latchtriestado_143" ...
Loading cell "latchtriestado_144" ...
Loading cell "latchtriestado_145" ...
Loading cell "latchtriestado_146" ...
Loading cell "latchtriestado_147" ...
Loading cell "latchtriestado_148" ...
Loading cell "latchtriestado_149" ...
Loading cell "latchtriestado_150" ...
Loading cell "latchtriestado_151" ...
Loading cell "latchtriestado_152" ...
Loading cell "latchtriestado_153" ...
Loading cell "latchtriestado_154" ...
Loading cell "latchtriestado_155" ...
Loading cell "latchtriestado_156" ...
Loading cell "latchtriestado_157" ...
Loading cell "latchtriestado_158" ...
Loading cell "latchtriestado_159" ...
Loading cell "latchtriestado_160" ...
Loading cell "latchtriestado_161" ...
Loading cell "latchtriestado_162" ...
Loading cell "latchtriestado_163" ...
Loading cell "latchtriestado_164" ...
Loading cell "latchtriestado_165" ...
Loading cell "latchtriestado_166" ...
Loading cell "latchtriestado_167" ...
Loading cell "latchtriestado_168" ...
Loading cell "latchtriestado_169" ...
Loading cell "latchtriestado_170" ...
Loading cell "latchtriestado_171" ...
Loading cell "latchtriestado_172" ...
Loading cell "latchtriestado_173" ...
Loading cell "latchtriestado_174" ...
Loading cell "latchtriestado_175" ...
Loading cell "latchtriestado_176" ...
Loading cell "latchtriestado_177" ...
Loading cell "latchtriestado_178" ...
Loading cell "latchtriestado_179" ...
Loading cell "latchtriestado_180" ...
Loading cell "latchtriestado_181" ...
Loading cell "latchtriestado_182" ...
Loading cell "latchtriestado_183" ...
Loading cell "latchtriestado_184" ...
Loading cell "latchtriestado_185" ...
Loading cell "latchtriestado_186" ...
Loading cell "latchtriestado_187" ...
Loading cell "latchtriestado_188" ...
Loading cell "latchtriestado_189" ...
Loading cell "latchtriestado_190" ...
Loading cell "latchtriestado_191" ...
Loading cell "latchtriestado_192" ...
Loading cell "latchtriestado_193" ...
Loading cell "latchtriestado_194" ...
Loading cell "latchtriestado_195" ...
Loading cell "latchtriestado_196" ...
Loading cell "latchtriestado_197" ...
Loading cell "latchtriestado_198" ...
Loading cell "latchtriestado_199" ...
Loading cell "latchtriestado_200" ...
Loading cell "latchtriestado_201" ...
Loading cell "latchtriestado_202" ...
Loading cell "latchtriestado_203" ...
Loading cell "latchtriestado_204" ...
Loading cell "latchtriestado_205" ...
Loading cell "latchtriestado_206" ...
Loading cell "latchtriestado_207" ...
Loading cell "latchtriestado_208" ...
Loading cell "latchtriestado_209" ...
Loading cell "latchtriestado_210" ...
Loading cell "latchtriestado_211" ...
Loading cell "latchtriestado_212" ...
Loading cell "latchtriestado_213" ...
Loading cell "latchtriestado_214" ...
Loading cell "latchtriestado_215" ...
Loading cell "latchtriestado_216" ...
Loading cell "latchtriestado_217" ...
Loading cell "latchtriestado_218" ...
Loading cell "latchtriestado_219" ...
Loading cell "latchtriestado_220" ...
Loading cell "latchtriestado_221" ...
Loading cell "latchtriestado_222" ...
Loading cell "latchtriestado_223" ...
Loading cell "latchtriestado_224" ...
Loading cell "latchtriestado_225" ...
Loading cell "latchtriestado_226" ...
Loading cell "latchtriestado_227" ...
Loading cell "latchtriestado_228" ...
Loading cell "latchtriestado_229" ...
Loading cell "latchtriestado_230" ...
Loading cell "latchtriestado_231" ...
Loading cell "latchtriestado_232" ...
Loading cell "latchtriestado_233" ...
Loading cell "latchtriestado_234" ...
Loading cell "latchtriestado_235" ...
Loading cell "latchtriestado_236" ...
Loading cell "latchtriestado_237" ...
Loading cell "latchtriestado_238" ...
Loading cell "latchtriestado_239" ...
Loading cell "latchtriestado_240" ...
Loading cell "latchtriestado_241" ...
Loading cell "latchtriestado_242" ...
Loading cell "latchtriestado_243" ...
Loading cell "latchtriestado_244" ...
Loading cell "latchtriestado_245" ...
Loading cell "latchtriestado_246" ...
Loading cell "latchtriestado_247" ...
Loading cell "latchtriestado_248" ...
Loading cell "latchtriestado_249" ...
Loading cell "latchtriestado_250" ...
Loading cell "latchtriestado_251" ...
Loading cell "latchtriestado_252" ...
Loading cell "latchtriestado_253" ...
Loading cell "latchtriestado_254" ...
Loading cell "latchtriestado_255" ...
Loading cell "latchtriestado_256" ...
Loading cell "latchtriestado_257" ...
Loading cell "latchtriestado_258" ...
Loading cell "latchtriestado_259" ...
Loading cell "latchtriestado_260" ...
Loading cell "latchtriestado_261" ...
Loading cell "latchtriestado_262" ...
Loading cell "latchtriestado_263" ...
Loading cell "latchtriestado_264" ...
Loading cell "latchtriestado_265" ...
Loading cell "latchtriestado_266" ...
Loading cell "latchtriestado_267" ...
Loading cell "latchtriestado_268" ...
Loading cell "latchtriestado_269" ...
Loading cell "latchtriestado_270" ...
Loading cell "latchtriestado_271" ...
Loading cell "latchtriestado_272" ...
Loading cell "latchtriestado_273" ...
Loading cell "latchtriestado_274" ...
Loading cell "latchtriestado_275" ...
Loading cell "latchtriestado_276" ...
Loading cell "latchtriestado_277" ...
Loading cell "latchtriestado_278" ...
Loading cell "latchtriestado_279" ...
Loading cell "latchtriestado_280" ...
Loading cell "latchtriestado_281" ...
Loading cell "latchtriestado_282" ...
Loading cell "latchtriestado_283" ...
Loading cell "latchtriestado_284" ...
Loading cell "latchtriestado_285" ...
Loading cell "latchtriestado_286" ...
Loading cell "latchtriestado_287" ...
Loading cell "latchtriestado_288" ...
Loading cell "latchtriestado_289" ...
Loading cell "latchtriestado_290" ...
Loading cell "latchtriestado_291" ...
Loading cell "latchtriestado_292" ...
Loading cell "latchtriestado_293" ...
Loading cell "latchtriestado_294" ...
Loading cell "latchtriestado_295" ...
Loading cell "latchtriestado_296" ...
Loading cell "latchtriestado_297" ...
Loading cell "latchtriestado_298" ...
Loading cell "latchtriestado_299" ...
Loading cell "latchtriestado_300" ...
Loading cell "latchtriestado_301" ...
Loading cell "latchtriestado_302" ...
Loading cell "latchtriestado_303" ...
Loading cell "latchtriestado_304" ...
Loading cell "latchtriestado_305" ...
Loading cell "latchtriestado_306" ...
Loading cell "latchtriestado_307" ...
Loading cell "latchtriestado_308" ...
Loading cell "latchtriestado_309" ...
Loading cell "latchtriestado_310" ...
Loading cell "latchtriestado_311" ...
Loading cell "latchtriestado_312" ...
Loading cell "latchtriestado_313" ...
Loading cell "latchtriestado_314" ...
Loading cell "latchtriestado_315" ...
Loading cell "latchtriestado_316" ...
Loading cell "latchtriestado_317" ...
Loading cell "latchtriestado_318" ...
Loading cell "latchtriestado_319" ...
Loading cell "latchtriestado_320" ...
Loading cell "latchtriestado_321" ...
Loading cell "latchtriestado_322" ...
Loading cell "latchtriestado_323" ...
Loading cell "latchtriestado_324" ...
Loading cell "latchtriestado_325" ...
Loading cell "latchtriestado_326" ...
Loading cell "latchtriestado_327" ...
Loading cell "latchtriestado_328" ...
Loading cell "latchtriestado_329" ...
Loading cell "latchtriestado_330" ...
Loading cell "latchtriestado_331" ...
Loading cell "latchtriestado_332" ...
Loading cell "latchtriestado_333" ...
Loading cell "latchtriestado_334" ...
Loading cell "latchtriestado_335" ...
Loading cell "latchtriestado_336" ...
Loading cell "latchtriestado_337" ...
Loading cell "latchtriestado_338" ...
Loading cell "latchtriestado_339" ...
Loading cell "latchtriestado_340" ...
Loading cell "latchtriestado_341" ...
Loading cell "latchtriestado_342" ...
Loading cell "latchtriestado_343" ...
Loading cell "latchtriestado_344" ...
Loading cell "latchtriestado_345" ...
Loading cell "latchtriestado_346" ...
Loading cell "latchtriestado_347" ...
Loading cell "latchtriestado_348" ...
Loading cell "latchtriestado_349" ...
Loading cell "latchtriestado_350" ...
Loading cell "latchtriestado_351" ...
Loading cell "latchtriestado_352" ...
Loading cell "latchtriestado_353" ...
Loading cell "latchtriestado_354" ...
Loading cell "latchtriestado_355" ...
Loading cell "latchtriestado_356" ...
Loading cell "latchtriestado_357" ...
Loading cell "latchtriestado_358" ...
Loading cell "latchtriestado_359" ...
Loading cell "latchtriestado_360" ...
Loading cell "latchtriestado_361" ...
Loading cell "latchtriestado_362" ...
Loading cell "latchtriestado_363" ...
Loading cell "latchtriestado_364" ...
Loading cell "latchtriestado_365" ...
Loading cell "latchtriestado_366" ...
Loading cell "latchtriestado_367" ...
Loading cell "latchtriestado_368" ...
Loading cell "latchtriestado_369" ...
Loading cell "latchtriestado_370" ...
Loading cell "latchtriestado_371" ...
Loading cell "latchtriestado_372" ...
Loading cell "latchtriestado_373" ...
Loading cell "latchtriestado_374" ...
Loading cell "latchtriestado_375" ...
Loading cell "latchtriestado_376" ...
Loading cell "latchtriestado_377" ...
Loading cell "latchtriestado_378" ...
Loading cell "latchtriestado_379" ...
Loading cell "latchtriestado_380" ...
Loading cell "latchtriestado_381" ...
Loading cell "latchtriestado_382" ...
Loading cell "latchtriestado_383" ...
Loading cell "latchtriestado_384" ...
Loading cell "latchtriestado_385" ...
Loading cell "latchtriestado_386" ...
Loading cell "latchtriestado_387" ...
Loading cell "latchtriestado_388" ...
Loading cell "latchtriestado_389" ...
Loading cell "latchtriestado_390" ...
Loading cell "latchtriestado_391" ...
Loading cell "latchtriestado_392" ...
Loading cell "latchtriestado_393" ...
Loading cell "latchtriestado_394" ...
Loading cell "latchtriestado_395" ...
Loading cell "latchtriestado_396" ...
Loading cell "latchtriestado_397" ...
Loading cell "latchtriestado_398" ...
Loading cell "latchtriestado_399" ...
Loading cell "latchtriestado_400" ...
Loading cell "latchtriestado_401" ...
Loading cell "latchtriestado_402" ...
Loading cell "latchtriestado_403" ...
Loading cell "latchtriestado_404" ...
Loading cell "latchtriestado_405" ...
Loading cell "latchtriestado_406" ...
Loading cell "latchtriestado_407" ...
Loading cell "latchtriestado_408" ...
Loading cell "latchtriestado_409" ...
Loading cell "latchtriestado_410" ...
Loading cell "latchtriestado_411" ...
Loading cell "latchtriestado_412" ...
Loading cell "latchtriestado_413" ...
Loading cell "latchtriestado_414" ...
Loading cell "latchtriestado_415" ...
Loading cell "latchtriestado_416" ...
Loading cell "latchtriestado_417" ...
Loading cell "latchtriestado_418" ...
Loading cell "latchtriestado_419" ...
Loading cell "latchtriestado_420" ...
Loading cell "latchtriestado_421" ...
Loading cell "latchtriestado_422" ...
Loading cell "latchtriestado_423" ...
Loading cell "latchtriestado_424" ...
Loading cell "latchtriestado_425" ...
Loading cell "latchtriestado_426" ...
Loading cell "latchtriestado_427" ...
Loading cell "latchtriestado_428" ...
Loading cell "latchtriestado_429" ...
Loading cell "latchtriestado_430" ...
Loading cell "latchtriestado_431" ...
Loading cell "latchtriestado_432" ...
Loading cell "latchtriestado_433" ...
Loading cell "latchtriestado_434" ...
Loading cell "latchtriestado_435" ...
Loading cell "latchtriestado_436" ...
Loading cell "latchtriestado_437" ...
Loading cell "latchtriestado_438" ...
Loading cell "latchtriestado_439" ...
Loading cell "latchtriestado_440" ...
Loading cell "latchtriestado_441" ...
Loading cell "latchtriestado_442" ...
Loading cell "latchtriestado_443" ...
Loading cell "latchtriestado_444" ...
Loading cell "latchtriestado_445" ...
Loading cell "latchtriestado_446" ...
Loading cell "latchtriestado_447" ...
Loading cell "latchtriestado_448" ...
Loading cell "latchtriestado_449" ...
Loading cell "latchtriestado_450" ...
Loading cell "latchtriestado_451" ...
Loading cell "latchtriestado_452" ...
Loading cell "latchtriestado_453" ...
Loading cell "latchtriestado_454" ...
Loading cell "latchtriestado_455" ...
Loading cell "latchtriestado_456" ...
Loading cell "latchtriestado_457" ...
Loading cell "latchtriestado_458" ...
Loading cell "latchtriestado_459" ...
Loading cell "latchtriestado_460" ...
Loading cell "latchtriestado_461" ...
Loading cell "latchtriestado_462" ...
Loading cell "latchtriestado_463" ...
Loading cell "latchtriestado_464" ...
Loading cell "latchtriestado_465" ...
Loading cell "latchtriestado_466" ...
Loading cell "latchtriestado_467" ...
Loading cell "latchtriestado_468" ...
Loading cell "latchtriestado_469" ...
Loading cell "latchtriestado_470" ...
Loading cell "latchtriestado_471" ...
Loading cell "latchtriestado_472" ...
Loading cell "latchtriestado_473" ...
Loading cell "latchtriestado_474" ...
Loading cell "latchtriestado_475" ...
Loading cell "latchtriestado_476" ...
Loading cell "latchtriestado_477" ...
Loading cell "latchtriestado_478" ...
Loading cell "latchtriestado_479" ...
Loading cell "latchtriestado_480" ...
Loading cell "latchtriestado_481" ...
Loading cell "latchtriestado_482" ...
Loading cell "latchtriestado_483" ...
Loading cell "latchtriestado_484" ...
Loading cell "latchtriestado_485" ...
Loading cell "latchtriestado_486" ...
Loading cell "latchtriestado_487" ...
Loading cell "latchtriestado_488" ...
Loading cell "latchtriestado_489" ...
Loading cell "latchtriestado_490" ...
Loading cell "latchtriestado_491" ...
Loading cell "latchtriestado_492" ...
Loading cell "latchtriestado_493" ...
Loading cell "latchtriestado_494" ...
Loading cell "latchtriestado_495" ...
Loading cell "latchtriestado_496" ...
Loading cell "latchtriestado_497" ...
Loading cell "latchtriestado_498" ...
Loading cell "latchtriestado_499" ...
Loading cell "latchtriestado_500" ...
Loading cell "latchtriestado_501" ...
Loading cell "latchtriestado_502" ...
Loading cell "latchtriestado_503" ...
Loading cell "latchtriestado_504" ...
Loading cell "latchtriestado_505" ...
Loading cell "latchtriestado_506" ...
Loading cell "latchtriestado_507" ...
Loading cell "latchtriestado_508" ...
Loading cell "latchtriestado_509" ...
Loading cell "latchtriestado_510" ...
Loading cell "latchtriestado_511" ...
Loading cell "latchtriestado_512" ...
Loading cell "latchtriestado_513" ...
Loading cell "latchtriestado_514" ...
Loading cell "latchtriestado_515" ...
Loading cell "latchtriestado_516" ...
Loading cell "latchtriestado_517" ...
Loading cell "latchtriestado_518" ...
Loading cell "latchtriestado_519" ...
Loading cell "latchtriestado_520" ...
Loading cell "latchtriestado_521" ...
Loading cell "latchtriestado_522" ...
Loading cell "latchtriestado_523" ...
Loading cell "latchtriestado_524" ...
Loading cell "latchtriestado_525" ...
Loading cell "latchtriestado_526" ...
Loading cell "latchtriestado_527" ...
Loading cell "latchtriestado_528" ...
Loading cell "latchtriestado_529" ...
Loading cell "latchtriestado_530" ...
Loading cell "latchtriestado_531" ...
Loading cell "latchtriestado_532" ...
Loading cell "latchtriestado_533" ...
Loading cell "latchtriestado_534" ...
Loading cell "latchtriestado_535" ...
Loading cell "latchtriestado_536" ...
Loading cell "latchtriestado_537" ...
Loading cell "latchtriestado_538" ...
Loading cell "latchtriestado_539" ...
Loading cell "latchtriestado_540" ...
Loading cell "latchtriestado_541" ...
Loading cell "latchtriestado_542" ...
Loading cell "latchtriestado_543" ...
Loading cell "latchtriestado_544" ...
Loading cell "latchtriestado_545" ...
Loading cell "latchtriestado_546" ...
Loading cell "latchtriestado_547" ...
Loading cell "latchtriestado_548" ...
Loading cell "latchtriestado_549" ...
Loading cell "latchtriestado_550" ...
Loading cell "latchtriestado_551" ...
Loading cell "latchtriestado_552" ...
Loading cell "latchtriestado_553" ...
Loading cell "latchtriestado_554" ...
Loading cell "latchtriestado_555" ...
Loading cell "latchtriestado_556" ...
Loading cell "latchtriestado_557" ...
Loading cell "latchtriestado_558" ...
Loading cell "latchtriestado_559" ...
Loading cell "latchtriestado_560" ...
Loading cell "latchtriestado_561" ...
Loading cell "latchtriestado_562" ...
Loading cell "latchtriestado_563" ...
Loading cell "latchtriestado_564" ...
Loading cell "latchtriestado_565" ...
Loading cell "latchtriestado_566" ...
Loading cell "latchtriestado_567" ...
Loading cell "latchtriestado_568" ...
Loading cell "latchtriestado_569" ...
Loading cell "latchtriestado_570" ...
Loading cell "latchtriestado_571" ...
Loading cell "latchtriestado_572" ...
Loading cell "latchtriestado_573" ...
Loading cell "latchtriestado_574" ...
Loading cell "latchtriestado_575" ...
Loading cell "latchtriestado_576" ...
Loading cell "latchtriestado_577" ...
Loading cell "latchtriestado_578" ...
Loading cell "latchtriestado_579" ...
Loading cell "latchtriestado_580" ...
Loading cell "latchtriestado_581" ...
Loading cell "latchtriestado_582" ...
Loading cell "latchtriestado_583" ...
Loading cell "latchtriestado_584" ...
Loading cell "latchtriestado_585" ...
Loading cell "latchtriestado_586" ...
Loading cell "latchtriestado_587" ...
Loading cell "latchtriestado_588" ...
Loading cell "latchtriestado_589" ...
Loading cell "latchtriestado_590" ...
Loading cell "latchtriestado_591" ...
Loading cell "latchtriestado_592" ...
Loading cell "latchtriestado_593" ...
Loading cell "latchtriestado_594" ...
Loading cell "latchtriestado_595" ...
Loading cell "latchtriestado_596" ...
Loading cell "latchtriestado_597" ...
Loading cell "latchtriestado_598" ...
Loading cell "latchtriestado_599" ...
Loading cell "latchtriestado_600" ...
Loading cell "latchtriestado_601" ...
Loading cell "latchtriestado_602" ...
Loading cell "latchtriestado_603" ...
Loading cell "latchtriestado_604" ...
Loading cell "latchtriestado_605" ...
Loading cell "latchtriestado_606" ...
Loading cell "latchtriestado_607" ...
Loading cell "latchtriestado_608" ...
Loading cell "latchtriestado_609" ...
Loading cell "latchtriestado_610" ...
Loading cell "latchtriestado_611" ...
Loading cell "latchtriestado_612" ...
Loading cell "latchtriestado_613" ...
Loading cell "latchtriestado_614" ...
Loading cell "latchtriestado_615" ...
Loading cell "latchtriestado_616" ...
Loading cell "latchtriestado_617" ...
Loading cell "latchtriestado_618" ...
Loading cell "latchtriestado_619" ...
Loading cell "latchtriestado_620" ...
Loading cell "latchtriestado_621" ...
Loading cell "latchtriestado_622" ...
Loading cell "latchtriestado_623" ...
Loading cell "latchtriestado_624" ...
Loading cell "latchtriestado_625" ...
Loading cell "latchtriestado_626" ...
Loading cell "latchtriestado_627" ...
Loading cell "latchtriestado_628" ...
Loading cell "latchtriestado_629" ...
Loading cell "latchtriestado_630" ...
Loading cell "latchtriestado_631" ...
Loading cell "latchtriestado_632" ...
Loading cell "latchtriestado_633" ...
Loading cell "latchtriestado_634" ...
Loading cell "latchtriestado_635" ...
Loading cell "latchtriestado_636" ...
Loading cell "latchtriestado_637" ...
Loading cell "latchtriestado_638" ...
Loading cell "latchtriestado_639" ...
Loading cell "latchtriestado_640" ...
Loading cell "latchtriestado_641" ...
Loading cell "latchtriestado_642" ...
Loading cell "latchtriestado_643" ...
Loading cell "latchtriestado_644" ...
Loading cell "latchtriestado_645" ...
Loading cell "latchtriestado_646" ...
Loading cell "latchtriestado_647" ...
Loading cell "latchtriestado_648" ...
Loading cell "latchtriestado_649" ...
Loading cell "latchtriestado_650" ...
Loading cell "latchtriestado_651" ...
Loading cell "latchtriestado_652" ...
Loading cell "latchtriestado_653" ...
Loading cell "latchtriestado_654" ...
Loading cell "latchtriestado_655" ...
Loading cell "latchtriestado_656" ...
Loading cell "latchtriestado_657" ...
Loading cell "latchtriestado_658" ...
Loading cell "latchtriestado_659" ...
Loading cell "latchtriestado_660" ...
Loading cell "latchtriestado_661" ...
Loading cell "latchtriestado_662" ...
Loading cell "latchtriestado_663" ...
Loading cell "latchtriestado_664" ...
Loading cell "latchtriestado_665" ...
Loading cell "latchtriestado_666" ...
Loading cell "latchtriestado_667" ...
Loading cell "latchtriestado_668" ...
Loading cell "latchtriestado_669" ...
Loading cell "latchtriestado_670" ...
Loading cell "latchtriestado_671" ...
Loading cell "latchtriestado_672" ...
Loading cell "latchtriestado_673" ...
Loading cell "latchtriestado_674" ...
Loading cell "latchtriestado_675" ...
Loading cell "latchtriestado_676" ...
Loading cell "latchtriestado_677" ...
Loading cell "latchtriestado_678" ...
Loading cell "latchtriestado_679" ...
Loading cell "latchtriestado_680" ...
Loading cell "latchtriestado_681" ...
Loading cell "latchtriestado_682" ...
Loading cell "latchtriestado_683" ...
Loading cell "latchtriestado_684" ...
Loading cell "latchtriestado_685" ...
Loading cell "latchtriestado_686" ...
Loading cell "latchtriestado_687" ...
Loading cell "latchtriestado_688" ...
Loading cell "latchtriestado_689" ...
Loading cell "latchtriestado_690" ...
Loading cell "latchtriestado_691" ...
Loading cell "latchtriestado_692" ...
Loading cell "latchtriestado_693" ...
Loading cell "latchtriestado_694" ...
Loading cell "latchtriestado_695" ...
Loading cell "latchtriestado_696" ...
Loading cell "latchtriestado_697" ...
Loading cell "latchtriestado_698" ...
Loading cell "latchtriestado_699" ...
Loading cell "latchtriestado_700" ...
Loading cell "latchtriestado_701" ...
Loading cell "latchtriestado_702" ...
Loading cell "latchtriestado_703" ...
Loading cell "latchtriestado_704" ...
Loading cell "latchtriestado_705" ...
Loading cell "latchtriestado_706" ...
Loading cell "latchtriestado_707" ...
Loading cell "latchtriestado_708" ...
Loading cell "latchtriestado_709" ...
Loading cell "latchtriestado_710" ...
Loading cell "latchtriestado_711" ...
Loading cell "latchtriestado_712" ...
Loading cell "latchtriestado_713" ...
Loading cell "latchtriestado_714" ...
Loading cell "latchtriestado_715" ...
Loading cell "latchtriestado_716" ...
Loading cell "latchtriestado_717" ...
Loading cell "latchtriestado_718" ...
Loading cell "latchtriestado_719" ...
Loading cell "latchtriestado_720" ...
Loading cell "latchtriestado_721" ...
Loading cell "latchtriestado_722" ...
Loading cell "latchtriestado_723" ...
Loading cell "latchtriestado_724" ...
Loading cell "latchtriestado_725" ...
Loading cell "latchtriestado_726" ...
Loading cell "latchtriestado_727" ...
Loading cell "latchtriestado_728" ...
Loading cell "latchtriestado_729" ...
Loading cell "latchtriestado_730" ...
Loading cell "latchtriestado_731" ...
Loading cell "latchtriestado_732" ...
Loading cell "latchtriestado_733" ...
Loading cell "latchtriestado_734" ...
Loading cell "latchtriestado_735" ...
Loading cell "latchtriestado_736" ...
Loading cell "latchtriestado_737" ...
Loading cell "latchtriestado_738" ...
Loading cell "latchtriestado_739" ...
Loading cell "latchtriestado_740" ...
Loading cell "latchtriestado_741" ...
Loading cell "latchtriestado_742" ...
Loading cell "latchtriestado_743" ...
Loading cell "latchtriestado_744" ...
Loading cell "latchtriestado_745" ...
Loading cell "latchtriestado_746" ...
Loading cell "latchtriestado_747" ...
Loading cell "latchtriestado_748" ...
Loading cell "latchtriestado_749" ...
Loading cell "latchtriestado_750" ...
Loading cell "latchtriestado_751" ...
Loading cell "latchtriestado_752" ...
Loading cell "latchtriestado_753" ...
Loading cell "latchtriestado_754" ...
Loading cell "latchtriestado_755" ...
Loading cell "latchtriestado_756" ...
Loading cell "latchtriestado_757" ...
Loading cell "latchtriestado_758" ...
Loading cell "latchtriestado_759" ...
Loading cell "latchtriestado_760" ...
Loading cell "latchtriestado_761" ...
Loading cell "latchtriestado_762" ...
Loading cell "latchtriestado_763" ...
Loading cell "latchtriestado_764" ...
Loading cell "latchtriestado_765" ...
Loading cell "latchtriestado_766" ...
Loading cell "latchtriestado_767" ...
Loading cell "latchtriestado_768" ...
Loading cell "latchtriestado_769" ...
Loading cell "latchtriestado_770" ...
Loading cell "latchtriestado_771" ...
Loading cell "latchtriestado_772" ...
Loading cell "latchtriestado_773" ...
Loading cell "latchtriestado_774" ...
Loading cell "latchtriestado_775" ...
Loading cell "latchtriestado_776" ...
Loading cell "latchtriestado_777" ...
Loading cell "latchtriestado_778" ...
Loading cell "latchtriestado_779" ...
Loading cell "latchtriestado_780" ...
Loading cell "latchtriestado_781" ...
Loading cell "latchtriestado_782" ...
Loading cell "latchtriestado_783" ...
Loading cell "latchtriestado_784" ...
Loading cell "latchtriestado_785" ...
Loading cell "latchtriestado_786" ...
Loading cell "latchtriestado_787" ...
Loading cell "latchtriestado_788" ...
Loading cell "latchtriestado_789" ...
Loading cell "latchtriestado_790" ...
Loading cell "latchtriestado_791" ...
Loading cell "latchtriestado_792" ...
Loading cell "latchtriestado_793" ...
Loading cell "latchtriestado_794" ...
Loading cell "latchtriestado_795" ...
Loading cell "latchtriestado_796" ...
Loading cell "latchtriestado_797" ...
Loading cell "latchtriestado_798" ...
Loading cell "latchtriestado_799" ...
Loading cell "latchtriestado_800" ...
Loading cell "latchtriestado_801" ...
Loading cell "latchtriestado_802" ...
Loading cell "latchtriestado_803" ...
Loading cell "latchtriestado_804" ...
Loading cell "latchtriestado_805" ...
Loading cell "latchtriestado_806" ...
Loading cell "latchtriestado_807" ...
Loading cell "latchtriestado_808" ...
Loading cell "latchtriestado_809" ...
Loading cell "latchtriestado_810" ...
Loading cell "latchtriestado_811" ...
Loading cell "latchtriestado_812" ...
Loading cell "latchtriestado_813" ...
Loading cell "latchtriestado_814" ...
Loading cell "latchtriestado_815" ...
Loading cell "latchtriestado_816" ...
Loading cell "latchtriestado_817" ...
Loading cell "latchtriestado_818" ...
Loading cell "latchtriestado_819" ...
Loading cell "latchtriestado_820" ...
Loading cell "latchtriestado_821" ...
Loading cell "latchtriestado_822" ...
Loading cell "latchtriestado_823" ...
Loading cell "latchtriestado_824" ...
Loading cell "latchtriestado_825" ...
Loading cell "latchtriestado_826" ...
Loading cell "latchtriestado_827" ...
Loading cell "latchtriestado_828" ...
Loading cell "latchtriestado_829" ...
Loading cell "latchtriestado_830" ...
Loading cell "latchtriestado_831" ...
Loading cell "latchtriestado_832" ...
Loading cell "latchtriestado_833" ...
Loading cell "latchtriestado_834" ...
Loading cell "latchtriestado_835" ...
Loading cell "latchtriestado_836" ...
Loading cell "latchtriestado_837" ...
Loading cell "latchtriestado_838" ...
Loading cell "latchtriestado_839" ...
Loading cell "latchtriestado_840" ...
Loading cell "latchtriestado_841" ...
Loading cell "latchtriestado_842" ...
Loading cell "latchtriestado_843" ...
Loading cell "latchtriestado_844" ...
Loading cell "latchtriestado_845" ...
Loading cell "latchtriestado_846" ...
Loading cell "latchtriestado_847" ...
Loading cell "latchtriestado_848" ...
Loading cell "latchtriestado_849" ...
Loading cell "latchtriestado_850" ...
Loading cell "latchtriestado_851" ...
Loading cell "latchtriestado_852" ...
Loading cell "latchtriestado_853" ...
Loading cell "latchtriestado_854" ...
Loading cell "latchtriestado_855" ...
Loading cell "latchtriestado_856" ...
Loading cell "latchtriestado_857" ...
Loading cell "latchtriestado_858" ...
Loading cell "latchtriestado_859" ...
Loading cell "latchtriestado_860" ...
Loading cell "latchtriestado_861" ...
Loading cell "latchtriestado_862" ...
Loading cell "latchtriestado_863" ...
Loading cell "latchtriestado_864" ...
Loading cell "latchtriestado_865" ...
Loading cell "latchtriestado_866" ...
Loading cell "latchtriestado_867" ...
Loading cell "latchtriestado_868" ...
Loading cell "latchtriestado_869" ...
Loading cell "latchtriestado_870" ...
Loading cell "latchtriestado_871" ...
Loading cell "latchtriestado_872" ...
Loading cell "latchtriestado_873" ...
Loading cell "latchtriestado_874" ...
Loading cell "latchtriestado_875" ...
Loading cell "latchtriestado_876" ...
Loading cell "latchtriestado_877" ...
Loading cell "latchtriestado_878" ...
Loading cell "latchtriestado_879" ...
Loading cell "latchtriestado_880" ...
Loading cell "latchtriestado_881" ...
Loading cell "latchtriestado_882" ...
Loading cell "latchtriestado_883" ...
Loading cell "latchtriestado_884" ...
Loading cell "latchtriestado_885" ...
Loading cell "latchtriestado_886" ...
Loading cell "latchtriestado_887" ...
Loading cell "latchtriestado_888" ...
Loading cell "latchtriestado_889" ...
Loading cell "latchtriestado_890" ...
Loading cell "latchtriestado_891" ...
Loading cell "latchtriestado_892" ...
Loading cell "latchtriestado_893" ...
Loading cell "latchtriestado_894" ...
Loading cell "latchtriestado_895" ...
Loading cell "latchtriestado_896" ...
Loading cell "latchtriestado_897" ...
Loading cell "latchtriestado_898" ...
Loading cell "latchtriestado_899" ...
Loading cell "latchtriestado_900" ...
Loading cell "latchtriestado_901" ...
Loading cell "latchtriestado_902" ...
Loading cell "latchtriestado_903" ...
Loading cell "latchtriestado_904" ...
Loading cell "latchtriestado_905" ...
Loading cell "latchtriestado_906" ...
Loading cell "latchtriestado_907" ...
Loading cell "latchtriestado_908" ...
Loading cell "latchtriestado_909" ...
Loading cell "latchtriestado_910" ...
Loading cell "latchtriestado_911" ...
Loading cell "latchtriestado_912" ...
Loading cell "latchtriestado_913" ...
Loading cell "latchtriestado_914" ...
Loading cell "latchtriestado_915" ...
Loading cell "latchtriestado_916" ...
Loading cell "latchtriestado_917" ...
Loading cell "latchtriestado_918" ...
Loading cell "latchtriestado_919" ...
Loading cell "latchtriestado_920" ...
Loading cell "latchtriestado_921" ...
Loading cell "latchtriestado_922" ...
Loading cell "latchtriestado_923" ...
Loading cell "latchtriestado_924" ...
Loading cell "latchtriestado_925" ...
Loading cell "latchtriestado_926" ...
Loading cell "latchtriestado_927" ...
Loading cell "latchtriestado_928" ...
Loading cell "latchtriestado_929" ...
Loading cell "latchtriestado_930" ...
Loading cell "latchtriestado_931" ...
Loading cell "latchtriestado_932" ...
Loading cell "latchtriestado_933" ...
Loading cell "latchtriestado_934" ...
Loading cell "latchtriestado_935" ...
Loading cell "latchtriestado_936" ...
Loading cell "latchtriestado_937" ...
Loading cell "latchtriestado_938" ...
Loading cell "latchtriestado_939" ...
Loading cell "latchtriestado_940" ...
Loading cell "latchtriestado_941" ...
Loading cell "latchtriestado_942" ...
Loading cell "latchtriestado_943" ...
Loading cell "latchtriestado_944" ...
Loading cell "latchtriestado_945" ...
Loading cell "latchtriestado_946" ...
Loading cell "latchtriestado_947" ...
Loading cell "latchtriestado_948" ...
Loading cell "latchtriestado_949" ...
Loading cell "latchtriestado_950" ...
Loading cell "latchtriestado_951" ...
Loading cell "latchtriestado_952" ...
Loading cell "latchtriestado_953" ...
Loading cell "latchtriestado_954" ...
Loading cell "latchtriestado_955" ...
Loading cell "latchtriestado_956" ...
Loading cell "latchtriestado_957" ...
Loading cell "latchtriestado_958" ...
Loading cell "latchtriestado_959" ...
Loading cell "latchtriestado_960" ...
Loading cell "latchtriestado_961" ...
Loading cell "latchtriestado_962" ...
Loading cell "latchtriestado_963" ...
Loading cell "latchtriestado_964" ...
Loading cell "latchtriestado_965" ...
Loading cell "latchtriestado_966" ...
Loading cell "latchtriestado_967" ...
Loading cell "latchtriestado_968" ...
Loading cell "latchtriestado_969" ...
Loading cell "latchtriestado_970" ...
Loading cell "latchtriestado_971" ...
Loading cell "latchtriestado_972" ...
Loading cell "latchtriestado_973" ...
Loading cell "latchtriestado_974" ...
Loading cell "latchtriestado_975" ...
Loading cell "latchtriestado_976" ...
Loading cell "latchtriestado_977" ...
Loading cell "latchtriestado_978" ...
Loading cell "latchtriestado_979" ...
Loading cell "latchtriestado_980" ...
Loading cell "latchtriestado_981" ...
Loading cell "latchtriestado_982" ...
Loading cell "latchtriestado_983" ...
Loading cell "latchtriestado_984" ...
Loading cell "latchtriestado_985" ...
Loading cell "latchtriestado_986" ...
Loading cell "latchtriestado_987" ...
Loading cell "latchtriestado_988" ...
Loading cell "latchtriestado_989" ...
Loading cell "latchtriestado_990" ...
Loading cell "latchtriestado_991" ...
Loading cell "Decodificador_width32_0" ...
Loading cell "Decodificador_width32_1" ...
Loading cell "Decodificador_width32_2" ...
Loading cell "Reg_32_bit_width32_number_reg32" ...
Loading cell "Banco_registros_latches" ...
Loading cell "tristate_buffer_0" ...
Loading cell "tristate_buffer_1" ...
Loading cell "tristate_buffer_2" ...
Loading cell "tristate_buffer_3" ...
Loading cell "tristate_buffer_4" ...
Loading cell "tristate_buffer_5" ...
Loading cell "tristate_buffer_6" ...
Loading cell "tristate_buffer_7" ...
Loading cell "tristate_buffer_8" ...
Loading cell "tristate_buffer_9" ...
Loading cell "tristate_buffer_10" ...
Loading cell "tristate_buffer_11" ...
Loading cell "Barrel_Shifter" ...
Loading cell "csk_bloque_0" ...
Loading cell "csk_bloque_1" ...
Loading cell "csk_bloque_2" ...
Loading cell "csk_bloque_3" ...
Loading cell "csk_bloque_4" ...
Loading cell "csk_bloque_5" ...
Loading cell "csk_bloque_6" ...
Loading cell "csk_bloque_7" ...
Loading cell "CSK_sin_mux" ...
Loading cell "ALU_2_bits_size32_cntrl_size4" ...
Loading cell "DECO_INSTR" ...
Loading cell "mux_rd" ...
Loading cell "mbc_max13" ...
Loading cell "dff_async_rst_1324" ...
Loading cell "dff_async_rst_1325" ...
Loading cell "dff_async_rst_1326" ...
Loading cell "dff_async_rst_1327" ...
Loading cell "dff_async_rst_1328" ...
Loading cell "dff_async_rst_1329" ...
Loading cell "dff_async_rst_1330" ...
Loading cell "dff_async_rst_1331" ...
Loading cell "control" ...
Loading cell "top_CPU_riscv" ...
Loading cell "spi" ...
Loading cell "top_spi" ...
Loading cell "dff_async_rst_ena_0" ...
Loading cell "dff_async_rst_ena_1" ...
Loading cell "dff_async_rst_ena_2" ...
Loading cell "dff_async_rst_ena_3" ...
Loading cell "dff_async_rst_ena_4" ...
Loading cell "dff_async_rst_ena_5" ...
Loading cell "dff_async_rst_ena_6" ...
Loading cell "dff_async_rst_ena_7" ...
Loading cell "prll_d_reg_ena_bits8_0" ...
Loading cell "dff_async_rst_ena_8" ...
Loading cell "dff_async_rst_ena_9" ...
Loading cell "dff_async_rst_ena_10" ...
Loading cell "dff_async_rst_ena_11" ...
Loading cell "dff_async_rst_ena_12" ...
Loading cell "dff_async_rst_ena_13" ...
Loading cell "dff_async_rst_ena_14" ...
Loading cell "dff_async_rst_ena_15" ...
Loading cell "prll_d_reg_ena_bits8_1" ...
Loading cell "dff_async_rst_ena_16" ...
Loading cell "dff_async_rst_ena_17" ...
Loading cell "dff_async_rst_ena_18" ...
Loading cell "dff_async_rst_ena_19" ...
Loading cell "dff_async_rst_ena_20" ...
Loading cell "dff_async_rst_ena_21" ...
Loading cell "dff_async_rst_ena_22" ...
Loading cell "dff_async_rst_ena_23" ...
Loading cell "prll_d_reg_ena_bits8_2" ...
Loading cell "dff_async_rst_ena_24" ...
Loading cell "dff_async_rst_ena_25" ...
Loading cell "dff_async_rst_ena_26" ...
Loading cell "dff_async_rst_ena_27" ...
Loading cell "dff_async_rst_ena_28" ...
Loading cell "dff_async_rst_ena_29" ...
Loading cell "dff_async_rst_ena_30" ...
Loading cell "dff_async_rst_ena_31" ...
Loading cell "prll_d_reg_ena_bits8_3" ...
Loading cell "dff_async_rst_ena_32" ...
Loading cell "dff_async_rst_ena_33" ...
Loading cell "dff_async_rst_ena_34" ...
Loading cell "dff_async_rst_ena_35" ...
Loading cell "dff_async_rst_ena_36" ...
Loading cell "dff_async_rst_ena_37" ...
Loading cell "dff_async_rst_ena_38" ...
Loading cell "dff_async_rst_ena_39" ...
Loading cell "prll_d_reg_ena_bits8_4" ...
Loading cell "dff_async_rst_ena_40" ...
Loading cell "dff_async_rst_ena_41" ...
Loading cell "dff_async_rst_ena_42" ...
Loading cell "dff_async_rst_ena_43" ...
Loading cell "dff_async_rst_ena_44" ...
Loading cell "dff_async_rst_ena_45" ...
Loading cell "dff_async_rst_ena_46" ...
Loading cell "dff_async_rst_ena_47" ...
Loading cell "prll_d_reg_ena_bits8_5" ...
Loading cell "dff_async_rst_ena_48" ...
Loading cell "dff_async_rst_ena_49" ...
Loading cell "dff_async_rst_ena_50" ...
Loading cell "dff_async_rst_ena_51" ...
Loading cell "dff_async_rst_ena_52" ...
Loading cell "dff_async_rst_ena_53" ...
Loading cell "dff_async_rst_ena_54" ...
Loading cell "dff_async_rst_ena_55" ...
Loading cell "prll_d_reg_ena_bits8_6" ...
Loading cell "dff_async_rst_ena_56" ...
Loading cell "dff_async_rst_ena_57" ...
Loading cell "dff_async_rst_ena_58" ...
Loading cell "dff_async_rst_ena_59" ...
Loading cell "dff_async_rst_ena_60" ...
Loading cell "dff_async_rst_ena_61" ...
Loading cell "dff_async_rst_ena_62" ...
Loading cell "dff_async_rst_ena_63" ...
Loading cell "prll_d_reg_ena_bits8_7" ...
Loading cell "uart_to_fifo_reg_pos_array8_data_fifo64_byte_out8" ...
Loading cell "log_utf_pos_array8" ...
Loading cell "u_rec_WORD_LEN_PLUS19" ...
Loading cell "u_xmit_WORD_LEN8" ...
Loading cell "log_ftu_pos_array8_data_fifo64_byte_out8" ...
Loading cell "dff_async_rsta_0" ...
Loading cell "dff_async_rsta_1" ...
Loading cell "dff_async_rsta_2" ...
Loading cell "dff_async_rsta_3" ...
Loading cell "dff_async_rsta_4" ...
Loading cell "dff_async_rsta_5" ...
Loading cell "dff_async_rsta_6" ...
Loading cell "dff_async_rsta_7" ...
Loading cell "prll_d_rega_bits8_0" ...
Loading cell "dff_async_rsta_8" ...
Loading cell "dff_async_rsta_9" ...
Loading cell "dff_async_rsta_10" ...
Loading cell "dff_async_rsta_11" ...
Loading cell "dff_async_rsta_12" ...
Loading cell "dff_async_rsta_13" ...
Loading cell "dff_async_rsta_14" ...
Loading cell "dff_async_rsta_15" ...
Loading cell "prll_d_rega_bits8_1" ...
Loading cell "dff_async_rsta_16" ...
Loading cell "dff_async_rsta_17" ...
Loading cell "dff_async_rsta_18" ...
Loading cell "dff_async_rsta_19" ...
Loading cell "dff_async_rsta_20" ...
Loading cell "dff_async_rsta_21" ...
Loading cell "dff_async_rsta_22" ...
Loading cell "dff_async_rsta_23" ...
Loading cell "prll_d_rega_bits8_2" ...
Loading cell "dff_async_rsta_24" ...
Loading cell "dff_async_rsta_25" ...
Loading cell "dff_async_rsta_26" ...
Loading cell "dff_async_rsta_27" ...
Loading cell "dff_async_rsta_28" ...
Loading cell "dff_async_rsta_29" ...
Loading cell "dff_async_rsta_30" ...
Loading cell "dff_async_rsta_31" ...
Loading cell "prll_d_rega_bits8_3" ...
Loading cell "dff_async_rsta_32" ...
Loading cell "dff_async_rsta_33" ...
Loading cell "dff_async_rsta_34" ...
Loading cell "dff_async_rsta_35" ...
Loading cell "dff_async_rsta_36" ...
Loading cell "dff_async_rsta_37" ...
Loading cell "dff_async_rsta_38" ...
Loading cell "dff_async_rsta_39" ...
Loading cell "prll_d_rega_bits8_4" ...
Loading cell "dff_async_rsta_40" ...
Loading cell "dff_async_rsta_41" ...
Loading cell "dff_async_rsta_42" ...
Loading cell "dff_async_rsta_43" ...
Loading cell "dff_async_rsta_44" ...
Loading cell "dff_async_rsta_45" ...
Loading cell "dff_async_rsta_46" ...
Loading cell "dff_async_rsta_47" ...
Loading cell "prll_d_rega_bits8_5" ...
Loading cell "dff_async_rsta_48" ...
Loading cell "dff_async_rsta_49" ...
Loading cell "dff_async_rsta_50" ...
Loading cell "dff_async_rsta_51" ...
Loading cell "dff_async_rsta_52" ...
Loading cell "dff_async_rsta_53" ...
Loading cell "dff_async_rsta_54" ...
Loading cell "dff_async_rsta_55" ...
Loading cell "prll_d_rega_bits8_6" ...
Loading cell "dff_async_rsta_56" ...
Loading cell "dff_async_rsta_57" ...
Loading cell "dff_async_rsta_58" ...
Loading cell "dff_async_rsta_59" ...
Loading cell "dff_async_rsta_60" ...
Loading cell "dff_async_rsta_61" ...
Loading cell "dff_async_rsta_62" ...
Loading cell "dff_async_rsta_63" ...
Loading cell "prll_d_rega_bits8_7" ...
Loading cell "fifo_to_uart_reg_pos_array8_data_fifo64_byte_out8" ...
Loading cell "detector_flanco" ...
Loading cell "baud_XTAL_CLK20000000_BAUD19200_CLK_DIV32_CW9" ...
Loading cell "uart" ...
Loading cell "topcore_tecriscv" ...
Loading cell "top_riscv_tec_pads" ...
[Nettran Report] Reading Netlist(s): Check Time=0:00:00  User=0.29 Sys=0.12 Mem=26.020
WARNING: Indices for nets of bus "Q" are not defined due to missing cell definition of "XSPRAMLP_2048X32_M8P".
WARNING: Indices for nets of bus "D" are not defined due to missing cell definition of "XSPRAMLP_2048X32_M8P".
WARNING: Indices for nets of bus "A" are not defined due to missing cell definition of "XSPRAMLP_2048X32_M8P".
Processing Hierarchy ...
WARNING: In cell "top_CPU_riscv", nets were shorted. The "-wireLog <file>" option is available for printing the resolved nets.
WARNING: In cell "mbc_max13", nets were shorted. The "-wireLog <file>" option is available for printing the resolved nets.
[Nettran Report] Post Process: Check Time=0:00:00  User=0.06 Sys=0.00 Mem=29.092
Writing Spice netlist ...
[Nettran Report] Output Netlist: Check Time=0:00:00  User=0.05 Sys=0.01 Mem=24.133
Translation completed.
[Nettran Report] Nettran Total Runtime: Check Time=0:00:01  User=0.41 Sys=0.13 Mem=29.092
